-- MySQL dump 10.13  Distrib 8.0.34, for Win64 (x86_64)
--
-- Host: localhost    Database: hemikalije_baza
-- ------------------------------------------------------
-- Server version	8.0.34

/*!40101 SET @OLD_CHARACTER_SET_CLIENT=@@CHARACTER_SET_CLIENT */;
/*!40101 SET @OLD_CHARACTER_SET_RESULTS=@@CHARACTER_SET_RESULTS */;
/*!40101 SET @OLD_COLLATION_CONNECTION=@@COLLATION_CONNECTION */;
/*!50503 SET NAMES utf8mb4 */;
/*!40103 SET @OLD_TIME_ZONE=@@TIME_ZONE */;
/*!40103 SET TIME_ZONE='+00:00' */;
/*!40014 SET @OLD_UNIQUE_CHECKS=@@UNIQUE_CHECKS, UNIQUE_CHECKS=0 */;
/*!40014 SET @OLD_FOREIGN_KEY_CHECKS=@@FOREIGN_KEY_CHECKS, FOREIGN_KEY_CHECKS=0 */;
/*!40101 SET @OLD_SQL_MODE=@@SQL_MODE, SQL_MODE='NO_AUTO_VALUE_ON_ZERO' */;
/*!40111 SET @OLD_SQL_NOTES=@@SQL_NOTES, SQL_NOTES=0 */;

--
-- Table structure for table `bonus_narudzbenice`
--

DROP TABLE IF EXISTS `bonus_narudzbenice`;
/*!40101 SET @saved_cs_client     = @@character_set_client */;
/*!50503 SET character_set_client = utf8mb4 */;
CREATE TABLE `bonus_narudzbenice` (
  `bns_id` int NOT NULL AUTO_INCREMENT,
  `fk_bns_nar_id` int DEFAULT NULL,
  `fk_bns_pro_id` int DEFAULT NULL,
  `bns_popust` smallint NOT NULL,
  `fk_bns_stv_id` int DEFAULT NULL,
  PRIMARY KEY (`bns_id`),
  UNIQUE KEY `bns_id_UNIQUE` (`bns_id`),
  KEY `fk_bns_nar_id_idx` (`fk_bns_nar_id`),
  KEY `fk_bns_pro_id_idx` (`fk_bns_pro_id`),
  KEY `fk_bns_stv_id_idx` (`fk_bns_stv_id`),
  CONSTRAINT `fk_bns_nar_id` FOREIGN KEY (`fk_bns_nar_id`) REFERENCES `narudzbenice` (`nar_id`),
  CONSTRAINT `fk_bns_pro_id` FOREIGN KEY (`fk_bns_pro_id`) REFERENCES `proizvodi` (`pro_id`),
  CONSTRAINT `fk_bns_stv_id` FOREIGN KEY (`fk_bns_stv_id`) REFERENCES `stavke` (`stv_id`)
) ENGINE=InnoDB AUTO_INCREMENT=18 DEFAULT CHARSET=utf8mb4 COLLATE=utf8mb4_0900_ai_ci;
/*!40101 SET character_set_client = @saved_cs_client */;

--
-- Dumping data for table `bonus_narudzbenice`
--

LOCK TABLES `bonus_narudzbenice` WRITE;
/*!40000 ALTER TABLE `bonus_narudzbenice` DISABLE KEYS */;
INSERT INTO `bonus_narudzbenice` VALUES (2,237,NULL,500,NULL),(3,237,NULL,500,NULL),(6,237,NULL,200,3409),(7,600,NULL,500,NULL),(8,602,NULL,500,NULL),(9,603,NULL,500,NULL),(10,604,NULL,500,NULL),(11,605,NULL,2300,NULL),(12,606,NULL,2300,NULL),(13,607,NULL,2300,NULL),(14,608,NULL,2300,NULL),(15,609,NULL,2300,NULL),(16,610,NULL,2300,NULL),(17,611,NULL,2300,NULL);
/*!40000 ALTER TABLE `bonus_narudzbenice` ENABLE KEYS */;
UNLOCK TABLES;

--
-- Table structure for table `kompanije`
--

DROP TABLE IF EXISTS `kompanije`;
/*!40101 SET @saved_cs_client     = @@character_set_client */;
/*!50503 SET character_set_client = utf8mb4 */;
CREATE TABLE `kompanije` (
  `kmp_id` int NOT NULL AUTO_INCREMENT,
  `kmp_pib` int DEFAULT NULL,
  `kmp_naziv` varchar(100) NOT NULL,
  `kmp_adresa` varchar(100) DEFAULT NULL,
  `kmp_telefon` varchar(45) DEFAULT NULL,
  `fk_kmpusr` int DEFAULT NULL,
  `kmp_email` varchar(255) DEFAULT NULL,
  `kmp_osoba` varchar(45) DEFAULT NULL,
  PRIMARY KEY (`kmp_id`),
  UNIQUE KEY `kmp_id_UNIQUE` (`kmp_id`),
  KEY `usr_id_idx` (`fk_kmpusr`),
  CONSTRAINT `fk_kmpusr` FOREIGN KEY (`fk_kmpusr`) REFERENCES `users` (`usr_id`)
) ENGINE=InnoDB AUTO_INCREMENT=161 DEFAULT CHARSET=utf8mb4 COLLATE=utf8mb4_0900_ai_ci;
/*!40101 SET character_set_client = @saved_cs_client */;

--
-- Dumping data for table `kompanije`
--

LOCK TABLES `kompanije` WRITE;
/*!40000 ALTER TABLE `kompanije` DISABLE KEYS */;
INSERT INTO `kompanije` VALUES (38,100570242,'Farmahem d.o.o','Nikolaja Gogolja 28a, Beograd, Srbija','+381 11 4065 951',2,'farmahem@beotel.net','Predrag Ilić'),(39,101508903,'Rolling Co d.o.o','Dragoslava Srejovića br. 53, Kragujevac, Srbija','+381 34 330 331',3,'office@rolling-co.rs','Duško Nedeljkov'),(43,100001038,'Galenika a.d','Batajnički drum b.b, 11080 Beograd Zemun, Srbija','+381 11 307 1000',4,'kontakt@galenika.rs','Jovana Ristović Milovanović'),(44,102110741,'Centrohem d.o.o','Banovačka 5, 22300 Stara Pazova, Srbija','+381 22 310 326',42,'centrohem@gmail.com','Ph.D. Budimir Marjanović'),(45,103822830,'Aqua Fortis d.o.o.','Čarobne frule 9, 11160 Beograd, Srbija','+381 11 342 40 71',6,'aquafortis@mts.rs\"','Hristina Radosavljević'),(46,104052135,'NIS a.d.','Narodnog fronta 12, 21102 Novi Sad, Srbija','+381 21 481 1111',7,'office@nis.rs','Kiril Tjurdenjev'),(47,101632889,'Krka-Farma d.o.o','Jurija Gagarina 26/v/II 11070 Beograd, Srbija','+381 11 22 88 722',8,'info.rs@krka.biz','Uroš Gnidovec'),(48,101824448,'Institut Mol d.o.o','Nikole Tesle 15, 22300 Stara Pazova, Srbija','+381 22 317 649',9,'mol@mol.rs','Ilija Brčeski'),(49,102037788,'Hemofarm a.d','Beogradski put bb, 26300 Vršac, Srbija','+381 13 803 100',10,'svakodobro@hemofarm.com','Aleksandar Nešić'),(50,106763648,'Sky Glass d.o.o','Batajnički drum 27, 11080 Beograd-Zemun, Srbija.','+381 11 3073 000',11,'office@skyglass.rs','Bojan Jan'),(51,103302892,'Zorka keramika d.o.o','Bulevar Mihajla Pupina 10v/1/114, Beograd-Novi Beograd, 11070, Srbija','+381 800 360 361',12,'keramika@zorka-keramika.rs','Đorđe Radulović'),(52,101152797,'Metalac FAD d.o.o','Kneza Aleksandra 210, 32300 Gornji Milanovac, Srbija','+381 32 5155 200',13,'fad@metalac.com','Goran Mijatovic'),(53,100372894,'NRK Inženjering d.o.o','Oslobođenja 26a, 11090 Beograd-Kneževac, Srbija','+381 11 3565 573',14,'nrk.prodaja@gmail.com','Mladen Lalić'),(54,101107636,'Silver d.o.o','Železnička bb, 32 000  Čačak, Srbija','+ 381 32 37 45 05',15,'silver.prodaja@gmail.com','Milan Gojković'),(55,102056739,'Mlekara Šabac a.d','Krsmanovača bb, 15000 Šabac, Srbija','+381 11  266 1258',16,'office@mlekara-sabac.rs','Dragan Šašić'),(56,100000709,'Coca-Cola HBC d.o.o','Batajnički drum 14, 11080 Beograd (Zemun), Srbija','+381 800 11 22 33 ',17,'pr.rs@cchellenic.com','Svetosav Marinov Atanasov'),(57,100002799,'Atlantik Štark d.o.o','Bulevar Peka Dapčevića 29, 11000 Beograd-Voždovac,  Srbija','+381 11 397 2989',18,'info@stark.rs','Srećko Nakić'),(58,100472093,'Henkel Srbija d.o.o.','Savska 28,  37000 Kruševac, Srbija','+381 37 415 415',19,'office@henkel.rs','Dušan Antonijević'),(59,105790470,'Institut za nuklearne nauke “Vinča”','Mike Petrovića Alasa 12-14 11351 Vinča, Beograd, Srbija','+381 11 3408 104',20,'office@vin.bg.ac.rs','prof. dr Snežana Pajović'),(60,100073421,'Istraživačka stanica Petnica','Selo Petnica, 14104 Valjevo, Srbija','+381 (14)251 180',21,'isp@petnica.rs','Nikola Božić'),(61,107073029,'Nestlé Adriatic d.o.o','Železnička 131, 11077 Surčin, Srbija','+381  11 2019 300',22,'info@rs.nestle.com','Marjana Davidović'),(62,100137621,'Dr. Oetker d.o.o.','Vuka Karadžića 13, 22310 Šimanovci, Srbija','+381 22 800 300',23,'info@oetker.rs','Sanjin Laganin'),(63,100263582,'Jaffa Crvenka d.o.o','Maršala Tita 245, 25220 Crvenka, Srbija','+381 25 755 112',24,'jaffa@jaffa.rs','Bojan Knežević'),(64,104052233,'Rafinerija nafte a.d Beograd','Panćevački put br. 83 11 210 Beograd, Srbija','+381 11 2711 257',25,'office@rnb.rs','Biljana Đorđević'),(65,100346317,'JKP Beogradski vodovod I kanalizacija','Kneza Miloša 27, 11000 Beograd, Srbija','+381 11 3612-123',26,'beoinfo@beograd.gov.rs','Radomir Vujadin'),(66,100265676,'Institut INMES','Kaćanskog  13, 11040 Beograd, Srbija','+381 11 2650-655',27,'institut@inmes.rs','dr Vesna Ž. Đorđević'),(67,109323311,'JKP Veterina Beograd','Bulevar despota Stefana 119, Beograd, Srbija','+381 11 276 4366',28,'jkp@veterinabeograd.rs','Budimir Grubić'),(68,106183605,'Samsic d.o.o','Bulevar Mihajla Pupina, 11070 Beograd, Srbija','+381 11 450 1318',29,'office@ekoposlovi.rs','Goran Radaman'),(69,101823040,'Hemijski fakultet','Studentski trg 12-16, 11158 Beograd, Srbija','+381 11 3336 803',30,'javnenabavke@chem.bg.ac.rs','Ljiljana Sekulić'),(70,100198802,'Poljoprivredni fakultet','Nemanjina 6, 11080, Beograd-Zemun, Srbija','+381  11 4413 420',31,'public@agrif.bg.ac.rs','Vanja  Kovačević'),(71,100125119,'Stomatološki fakultet','Rankeova 4,11000, Beograd, Srbija','+381 11 785 7051',32,'stomfak@rcub.bg.ac.rs','Prof. dr Jugoslav Ilić'),(72,106189098,'Inovancioni centar-Tehnološko metalurški fakultet','Karnegijeva 4, 11120 Beograd, Srbija','+381 11 3370  425',33,'tmf@tmf.bg.ac.rs','Đorđe Janaćković'),(73,101012781,'Hemijsko-prehrambena tehnološka škola','Lješka 82, 11030, Beograd, Srbija','+381 11 3555 054',34,'hptskola.beograd@gmail.com','Snežana Dimitrijević'),(74,101746950,'Farmaceutski fakultet','Vojvode Stepe 450, 11221, Beograd, Srbija ','+381 11 395 1372',35,'info@pharmacy.bg.ac.rs','Slađana Šobajić'),(75,100010159,'Zemunska gimnazija','Gradski Park 1, 11080, Beograd-Zamun, Srbija','+381 11 3162 680',36,'racunovodstvo2@zemunskagimnazija.edu.rs','Branimir Pavlović'),(79,100352730,'Fabrika kablova Eurokabl','Gandijeva 133A, 11070, Beograd, Srbija','+381 11 /6270 235',41,'eurokablfabrika@gmail.com','Srđan Sokolović'),(80,100628855,'Chemicals.d.o.o','Jurija Gagarina 36, 11070, Beograd, Srbija','+381 65 9600 516',1,'chemicals@chemistry.com','Milica Čalija'),(113,10258974,'Novartis','Julije Popov, 7b , Nova Varos',NULL,NULL,NULL,NULL),(114,1025894,'Novartis','Pele Huljica 2b, Kraljevo',NULL,NULL,NULL,NULL),(115,1025894,'Novartis','Pele Huljica 2b, Kraljevo',NULL,NULL,NULL,NULL),(116,1025894,'Novartis','Pele Huljica 2b, Kraljevo',NULL,NULL,NULL,NULL),(117,1025894,'Novartis','Pele Huljica 2b, Kraljevo',NULL,NULL,NULL,NULL),(118,10285974,'Helous','Milentija Popovica 7b, Novi Beograd','',NULL,'',''),(119,10285974,'Helous','Milentija Popovica 7b, Novi Beograd','',NULL,'',''),(120,10285974,'Helous','Milentija Popovica 7b, Novi Beograd','',NULL,'',''),(121,10285974,'Helous','Milentija Popovica 7b, Novi Beograd','',NULL,'',''),(122,10285974,'Helous','Milentija Popovica 7b, Novi Beograd','',NULL,'',''),(123,10285974,'Helous','Milentija Popovica 7b, Novi Beograd','',NULL,'',''),(124,21098574,'Heliosa preciosa','Pavle Matica 6a, Kursumlija','+381659683812',NULL,'helios87@gmail.com','Kostansa Kadrilovic'),(125,21098574,'Heliosa preciosa','Pavle Matica 6a, Kursumlija','+381659683812',NULL,'helios87@gmail.com','Kostansa Kadrilovic'),(126,21098574,'Heliosa preciosa','Pavle Matica 6a, Kursumlija','+381659683812',NULL,'helios87@gmail.com','Kostansa Kadrilovic'),(127,102587,'Quadrola','Majke Jevrosime 12c, Prijepolje','+381652234813',NULL,'nikolapet89@gmail.com','Nikola Petkovic'),(128,102587,'Kolischem','Miladina Tutovic 2b','+381692133875',NULL,'natasavasi99@gmail.com','Natasa Vasiljevic'),(129,102587,'Kolischem','Miladina Tutovic 2b','+381692133875',NULL,'natasavasi99@gmail.com','Natasa Vasiljevic'),(130,1025894,'Netherlands','Milentija Markovic 8b','+381659877632',NULL,'sonjakudrala87@gmail.com','Sonja Stamenkovic'),(131,1025894,'Netherlands','Milentija Markovic 8b','+381659877632',NULL,'sonjakudrala87@gmail.com','Sonja Stamenkovic'),(132,1025894,'Netherlands','Milentija Markovic 8b','+381659877632',NULL,'sonjakudrala87@gmail.com','Sonja Stamenkovic'),(133,1025894,'Molaris.d.o.o','Josipa Tita 15d, Novi Pazar','+381689934712',NULL,'majanadr98@gmail.com','Maja Andrejevic'),(134,1025894,'Molaris.d.o.o','Josipa Tita 15d, Novi Pazar','+381689934712',NULL,'majanadr98@gmail.com','Maja Andrejevic'),(135,2589745,'Kefalonija','Zimonjica 20b, Padinska Skela','+381662381562',NULL,'lanabuban56@gmail.com','Lana Bubanovic'),(136,2589745,'Kefalonija','Zimonjica 20b, Padinska Skela','+381662381562',NULL,'lanabuban56@gmail.com','Lana Bubanovic'),(137,2589745,'Kefalonija','Zimonjica 20b, Padinska Skela','+381662381562',NULL,'lanabuban56@gmail.com','Lana Bubanovic'),(138,3543545,'Tralala','Kevina Becira, 8b, Subotica','+381672215341',NULL,'popalov87@gmail.com','Igor Popalov'),(139,3543545,'Tralala','Kevina Becira, 8b, Subotica','+381672215341',NULL,'popalov87@gmail.com','Igor Popalov'),(140,3543545,'Tralala','Kevina Becira, 8b, Subotica','+381672215341',NULL,'popalov87@gmail.com','Igor Popalov'),(141,1205847,'Molaris','Seradara Vukotica 15c, Arandjelovac','+381642278513',NULL,'janaserdar789@gmail.com','Jana Petrovic'),(142,1205847,'Molaris','Seradara Vukotica 15c, Arandjelovac','+381642278513',NULL,'janaserdar789@gmail.com','Jana Petrovic'),(143,1205847,'Molaris','Seradara Vukotica 15c, Arandjelovac','+381642278513',NULL,'janaserdar789@gmail.com','Jana Petrovic'),(144,125482565,'Prime Vigilance','Miltuina Milankovica 34b, Novi Beograd','+381621538455',NULL,'aleksandrastan93@gmail.com','Aleksandra Stanojevic'),(145,125482565,'Prime Vigilance','Miltuina Milankovica 34b, Novi Beograd','+381621538455',NULL,'aleksandrastan93@gmail.com','Aleksandra Stanojevic'),(146,125894,'Henkel','Like Stanica, 5a, Stara Pazova','+381672356188',NULL,'popadin87@gmail.com','Milos Popadinov'),(147,125894,'Henkel','Like Stanica, 5a, Stara Pazova','+381672356188',NULL,'popadin87@gmail.com','Milos Popadinov'),(148,125829898,'Leomax','Krajiske divizije 6b, Beograd','+381691835521',NULL,'hadzic87@gmail.com','Svetlana Hadzic'),(149,12581285,'Zdravis','Vidikovacki venac 42','+381642381123',NULL,'stanisa554@gmail.com','Jelena Stanisic'),(150,12855596,'Biopharm','Proleterkse brigade 12c, Zemun','381678955213',NULL,'sinisabiopharm98@gmail.com','Sinisa Krsmanovic'),(151,12589637,'Zoka pharm','Rake Esinger 5b','381695832173',NULL,'goranzoka43@gmail.com','Goran Dimitrijevic'),(152,12589746,'KualaLumpur','Partizanskih brigada 19a, Sremčica','381697753121',NULL,'mirjanalump87@gmail.com','Mirjana Popadinović'),(153,12859867,'Somolis.doo','Partizanske avijacije, 45, Kragujevac','381659622338',NULL,'simonasomolis88@gmail.com','Simona Karančević'),(154,12859867,'Somolis.doo','Partizanske avijacije, 45, Kragujevac','381659622338',NULL,'simonasomolis88@gmail.com','Simona Karančević'),(155,12859867,'Somolis.doo','Partizanske avijacije, 45, Kragujevac','381659622338',NULL,'simonasomolis88@gmail.com','Simona Karančević'),(156,12358528,'Somolis.doo','Partizanske avijacije 2b, Sombor','381662281533',NULL,'stefanelasomoli89@gmail.com','Stefanela Katić'),(157,12358528,'Somolis.doo','Partizanske avijacije 2b, Sombor','381662281533',NULL,'stefanelasomoli89@gmail.com','Stefanela Katić'),(158,12585953,'Doichman.doo','Krunska 66, Beograd','381697753221',NULL,'anelistefan889@gmail.com','Aneli Stefanović'),(159,12585953,'Doichman.doo','Krunska 66, Beograd','381697753221',NULL,'anelistefan889@gmail.com','Aneli Stefanović'),(160,12587487,'Biodizel.doo','Stojana Matića 8c, Novi Beograd','381682253183',NULL,'marinstojan92@gmail.com','Marin Stojković');
/*!40000 ALTER TABLE `kompanije` ENABLE KEYS */;
UNLOCK TABLES;

--
-- Table structure for table `narudzbenice`
--

DROP TABLE IF EXISTS `narudzbenice`;
/*!40101 SET @saved_cs_client     = @@character_set_client */;
/*!50503 SET character_set_client = utf8mb4 */;
CREATE TABLE `narudzbenice` (
  `nar_id` int NOT NULL AUTO_INCREMENT,
  `nar_datum` timestamp NOT NULL DEFAULT CURRENT_TIMESTAMP,
  `fk_nar_usr_id` int DEFAULT NULL,
  `nar_cena` decimal(10,2) NOT NULL,
  `nac_plat` varchar(50) NOT NULL,
  PRIMARY KEY (`nar_id`),
  UNIQUE KEY `nar_id_UNIQUE` (`nar_id`),
  KEY `fk_nar_usr_id_idx` (`fk_nar_usr_id`),
  CONSTRAINT `fk_nar_usr_id` FOREIGN KEY (`fk_nar_usr_id`) REFERENCES `users` (`usr_id`)
) ENGINE=InnoDB AUTO_INCREMENT=614 DEFAULT CHARSET=utf8mb4 COLLATE=utf8mb4_0900_ai_ci;
/*!40101 SET character_set_client = @saved_cs_client */;

--
-- Dumping data for table `narudzbenice`
--

LOCK TABLES `narudzbenice` WRITE;
/*!40000 ALTER TABLE `narudzbenice` DISABLE KEYS */;
INSERT INTO `narudzbenice` VALUES (105,'2025-08-24 19:06:00',1,3000.00,'Pouzećem'),(106,'2025-08-24 19:07:04',1,3000.00,'Pouzećem'),(107,'2025-08-24 19:10:28',1,3000.00,'Pouzećem'),(108,'2025-08-24 19:22:38',1,3000.00,'Pouzećem'),(109,'2025-08-24 19:37:41',1,3000.00,'Pouzećem'),(110,'2025-08-24 19:40:36',1,3000.00,'Pouzećem'),(112,'2025-08-24 20:11:19',1,3000.00,'Pouzećem'),(113,'2025-08-24 20:31:14',1,3000.00,'Pouzećem'),(114,'2025-08-24 20:36:54',1,3000.00,'Pouzećem'),(115,'2025-08-24 20:47:34',1,3000.00,'Pouzećem'),(116,'2025-08-27 16:28:37',1,3000.00,'Pouzećem'),(117,'2025-08-27 17:16:47',1,3000.00,'Pouzećem'),(118,'2025-08-27 17:27:38',1,3000.00,'Pouzećem'),(119,'2025-08-27 17:45:25',1,3000.00,'Pouzećem'),(120,'2025-08-27 17:50:24',1,3000.00,'Pouzećem'),(121,'2025-08-27 17:52:16',1,3000.00,'Pouzećem'),(122,'2025-08-27 17:55:20',1,3000.00,'Pouzećem'),(123,'2025-08-27 17:59:32',1,3000.00,'Pouzećem'),(124,'2025-08-27 18:01:11',1,2400.00,'Pouzećem'),(125,'2025-08-27 18:07:47',1,3000.00,'Pouzećem'),(126,'2025-08-27 18:08:32',1,3000.00,'Pouzećem'),(127,'2025-08-27 18:14:58',1,3000.00,'Pouzećem'),(128,'2025-08-27 18:15:20',1,3000.00,'Pouzećem'),(129,'2025-08-27 18:29:51',1,3000.00,'Pouzećem'),(130,'2025-08-27 18:30:45',1,3000.00,'Pouzećem'),(131,'2025-08-27 19:32:54',1,3000.00,'Pouzećem'),(132,'2025-08-27 19:34:19',1,3000.00,'Pouzećem'),(133,'2025-08-27 19:39:13',1,3000.00,'Pouzećem'),(134,'2025-08-28 14:39:15',1,3000.00,'Pouzećem'),(135,'2025-08-28 16:30:24',1,3000.00,'Pouzećem'),(136,'2025-08-28 16:37:18',1,3000.00,'Pouzećem'),(137,'2025-08-28 17:36:13',1,3000.00,'Pouzećem'),(138,'2025-08-28 17:47:30',1,3000.00,'Pouzećem'),(140,'2025-08-28 18:26:38',1,3000.00,'Pouzećem'),(141,'2025-08-28 18:29:11',1,3000.00,'Pouzećem'),(142,'2025-08-28 18:31:14',1,3000.00,'Pouzećem'),(143,'2025-08-28 18:31:56',1,3000.00,'Pouzećem'),(144,'2025-08-28 19:14:50',1,3000.00,'Pouzećem'),(145,'2025-08-28 19:21:21',1,3000.00,'Pouzećem'),(146,'2025-08-28 19:33:20',1,3000.00,'Pouzećem'),(147,'2025-08-29 17:06:51',1,3000.00,'Pouzećem'),(148,'2025-08-29 17:28:24',1,3000.00,'Pouzećem'),(149,'2025-08-29 17:29:55',1,3000.00,'Pouzećem'),(150,'2025-08-29 17:37:59',1,3000.00,'Pouzećem'),(151,'2025-08-29 18:04:15',1,3000.00,'Pouzećem'),(152,'2025-08-29 18:20:56',1,3000.00,'Pouzećem'),(153,'2025-08-29 18:33:59',1,3000.00,'Pouzećem'),(154,'2025-08-29 18:43:42',1,3000.00,'Pouzećem'),(155,'2025-08-29 18:50:12',1,3000.00,'Pouzećem'),(156,'2025-08-29 18:51:33',1,3000.00,'Pouzećem'),(158,'2025-08-29 19:18:45',1,3000.00,'Pouzećem'),(159,'2025-08-30 10:28:55',1,3000.00,'Pouzećem'),(160,'2025-08-30 13:14:44',1,3000.00,'Pouzećem'),(161,'2025-08-30 13:15:06',1,3000.00,'Pouzećem'),(162,'2025-08-30 13:15:46',1,3000.00,'Pouzećem'),(163,'2025-08-30 13:17:33',1,3000.00,'Pouzećem'),(164,'2025-08-30 13:20:42',1,3000.00,'Pouzećem'),(165,'2025-08-30 14:01:02',1,3000.00,'Pouzećem'),(166,'2025-08-30 14:06:27',31,3000.00,'Pouzećem'),(167,'2025-08-30 14:08:14',31,3000.00,'Pouzećem'),(168,'2025-08-30 15:02:03',31,3000.00,'Pouzećem'),(169,'2025-08-30 15:02:44',31,3000.00,'Pouzećem'),(170,'2025-08-30 15:05:02',1,3000.00,'Pouzećem'),(171,'2025-08-30 15:05:41',3,3000.00,'Pouzećem'),(172,'2025-08-30 15:11:06',31,3000.00,'Pouzećem'),(173,'2025-08-30 15:16:02',31,3000.00,'Pouzećem'),(174,'2025-08-30 15:16:41',31,3000.00,'Pouzećem'),(175,'2025-08-30 15:19:13',31,3000.00,'Pouzećem'),(176,'2025-08-30 15:21:35',31,3000.00,'Pouzećem'),(177,'2025-08-30 15:35:06',31,3000.00,'Pouzećem'),(178,'2025-08-30 19:51:29',1,6000.00,'Pouzećem'),(179,'2025-08-30 20:54:14',3,3000.00,'Pouzećem'),(180,'2025-09-05 19:58:47',49,2400.00,'Pouzećem'),(181,'2025-09-07 11:58:17',1,9000.00,'Pouzećem'),(194,'2025-09-08 17:54:27',46,4000.00,'Pouzećem'),(195,'2025-09-11 10:59:26',48,8000.00,'Pouzećem'),(196,'2025-09-13 13:50:18',46,2400.00,'Pouzećem'),(197,'2025-09-13 14:20:18',46,2400.00,'Pouzećem'),(198,'2025-09-13 14:37:32',46,2000.00,'Kartica'),(199,'2025-09-14 12:18:12',31,6600.00,'Pouzećem'),(200,'2025-09-14 12:18:53',31,6600.00,'Kartica'),(201,'2025-09-14 12:19:33',31,6600.00,'Kartica'),(202,'2025-09-14 12:19:55',31,6600.00,'Kartica'),(203,'2025-09-14 12:23:06',31,6600.00,'Kartica'),(204,'2025-09-14 12:23:32',31,6600.00,'Kartica'),(205,'2025-09-14 12:43:57',31,6600.00,'Pouzećem'),(206,'2025-09-14 12:46:30',31,6600.00,'Pouzećem'),(207,'2025-09-14 12:46:59',31,6600.00,'Pouzećem'),(208,'2025-09-14 12:47:52',31,8600.00,'Kartica'),(209,'2025-09-14 14:40:54',31,3600.00,'Kartica'),(210,'2025-09-14 14:53:12',31,3600.00,'Kartica'),(211,'2025-09-14 14:54:43',31,3600.00,'Kartica'),(212,'2025-09-14 14:57:34',31,3600.00,'Kartica'),(213,'2025-09-14 14:59:37',31,3600.00,'Kartica'),(214,'2025-09-14 15:05:42',31,3600.00,'Pouzećem'),(215,'2025-09-14 15:07:49',31,5600.00,'Kartica'),(216,'2025-09-14 15:17:10',31,5600.00,'Kartica'),(217,'2025-09-14 16:04:22',49,2000.00,'Kartica'),(218,'2025-09-14 17:53:34',49,2400.00,'Pouzećem'),(219,'2025-09-17 20:47:26',1,3000.00,'Pouzećem'),(220,'2025-09-17 20:48:34',1,6000.00,'Pouzećem'),(225,'2025-09-19 10:04:04',49,3000.00,'Pouzećem'),(227,'2025-09-19 10:57:50',1,5000.00,'Kartica'),(233,'2025-09-19 19:22:14',1,4000.00,'Kartica'),(234,'2025-09-19 19:29:51',1,4000.00,'Kartica'),(235,'2025-09-19 19:40:59',1,4000.00,'Kartica'),(236,'2025-09-23 09:03:38',48,4000.00,'Pouzećem'),(237,'2025-09-23 09:12:48',48,4000.00,'Kartica'),(600,'2025-09-23 16:51:42',NULL,15000.00,'Gotovina'),(601,'2025-09-23 17:14:07',3,11500.00,'Pouzećem'),(602,'2025-09-23 17:16:45',3,11500.00,'Pouzećem'),(603,'2025-09-23 17:19:21',3,11500.00,'Pouzećem'),(604,'2025-09-23 17:21:38',3,11500.00,'Pouzećem'),(605,'2025-09-23 17:25:22',3,11500.00,'Pouzećem'),(606,'2025-09-23 17:27:22',3,11500.00,'Pouzećem'),(607,'2025-09-23 17:30:24',3,11500.00,'Pouzećem'),(608,'2025-09-23 17:30:58',3,11500.00,'Kartica'),(609,'2025-09-23 17:59:54',3,11500.00,'Pouzećem'),(610,'2025-09-23 18:01:45',3,11500.00,'Kartica'),(611,'2025-09-23 18:06:20',3,11500.00,'Kartica'),(612,'2025-09-26 14:28:26',46,1400.00,'Pouzećem'),(613,'2025-09-26 14:28:55',46,1000.00,'Kartica');
/*!40000 ALTER TABLE `narudzbenice` ENABLE KEYS */;
UNLOCK TABLES;

--
-- Table structure for table `payments`
--

DROP TABLE IF EXISTS `payments`;
/*!40101 SET @saved_cs_client     = @@character_set_client */;
/*!50503 SET character_set_client = utf8mb4 */;
CREATE TABLE `payments` (
  `pay_id` int NOT NULL AUTO_INCREMENT,
  `fk_pa_nar_id` int NOT NULL,
  `fk_pa_usr_id` int NOT NULL,
  `amount` decimal(10,2) NOT NULL,
  `currency` varchar(10) DEFAULT 'RSD',
  `status` varchar(50) NOT NULL,
  `payment_method` varchar(50) DEFAULT NULL,
  `stripe_payment_intent_id` varchar(100) DEFAULT NULL,
  `created_at` timestamp NULL DEFAULT CURRENT_TIMESTAMP,
  `updated_at` timestamp NULL DEFAULT CURRENT_TIMESTAMP ON UPDATE CURRENT_TIMESTAMP,
  PRIMARY KEY (`pay_id`),
  KEY `fk_nar_id` (`fk_pa_usr_id`),
  KEY `fk_payments_order` (`fk_pa_nar_id`),
  CONSTRAINT `fk_payments_order` FOREIGN KEY (`fk_pa_nar_id`) REFERENCES `narudzbenice` (`nar_id`),
  CONSTRAINT `fk_payments_user` FOREIGN KEY (`fk_pa_usr_id`) REFERENCES `users` (`usr_id`)
) ENGINE=InnoDB AUTO_INCREMENT=24 DEFAULT CHARSET=utf8mb4 COLLATE=utf8mb4_0900_ai_ci;
/*!40101 SET character_set_client = @saved_cs_client */;

--
-- Dumping data for table `payments`
--

LOCK TABLES `payments` WRITE;
/*!40000 ALTER TABLE `payments` DISABLE KEYS */;
INSERT INTO `payments` VALUES (2,198,46,2000.00,'rsd','pending','card','pi_3S6ujdClRBiTfY1y0ZybBtuC','2025-09-13 14:47:29','2025-09-13 14:47:29'),(3,216,31,5600.00,'rsd','pending','card','pi_3S7I1XClRBiTfY1y1uWhjrDm','2025-09-14 15:39:31','2025-09-14 15:39:31'),(4,216,31,5600.00,'rsd','pending','card','pi_3S7I9ZClRBiTfY1y1ViwPkdN','2025-09-14 15:47:49','2025-09-14 15:47:49'),(5,216,31,5600.00,'rsd','pending','card','pi_3S7IBiClRBiTfY1y14Jwerx9','2025-09-14 15:50:02','2025-09-14 15:50:02'),(6,216,31,5600.00,'rsd','pending','card','pi_3S7II5ClRBiTfY1y1KeUqHCA','2025-09-14 15:56:37','2025-09-14 15:56:37'),(7,216,31,5600.00,'rsd','pending','card','pi_3S7IK0ClRBiTfY1y0oYNe911','2025-09-14 15:58:36','2025-09-14 15:58:36'),(8,217,49,2000.00,'rsd','pending','card','pi_3S7IPzClRBiTfY1y1ToyKhnQ','2025-09-14 16:04:47','2025-09-14 16:04:47'),(9,217,49,2000.00,'rsd','pending','card','pi_3S7IWeClRBiTfY1y0rWWJvoe','2025-09-14 16:11:40','2025-09-14 16:11:40'),(10,217,49,2000.00,'rsd','pending','card','pi_3S7IWsClRBiTfY1y1luZ2aKr','2025-09-14 16:11:54','2025-09-14 16:11:54'),(11,217,49,2000.00,'rsd','pending','card','pi_3S7Il3ClRBiTfY1y0SSlXDny','2025-09-14 16:26:34','2025-09-14 16:26:34'),(12,217,49,2000.00,'rsd','pending','card','pi_3S7Il5ClRBiTfY1y1kjsxS8S','2025-09-14 16:26:35','2025-09-14 16:26:35'),(13,227,1,5000.00,'rsd','pending','card','pi_3S921DClRBiTfY1y0WmCRi7j','2025-09-19 10:58:23','2025-09-19 10:58:23'),(14,227,1,5000.00,'rsd','pending','card','pi_3S921FClRBiTfY1y0JCT7HpT','2025-09-19 10:58:25','2025-09-19 10:58:25'),(17,234,1,4000.00,'rsd','pending','card','pi_3S9AATClRBiTfY1y1KniaurZ','2025-09-19 19:40:29','2025-09-19 19:40:29'),(18,234,1,4000.00,'rsd','pending','card','pi_3S9AAmClRBiTfY1y0rrpil57','2025-09-19 19:40:48','2025-09-19 19:40:48'),(19,234,1,4000.00,'rsd','pending','card','pi_3S9AAnClRBiTfY1y07VKJuto','2025-09-19 19:40:49','2025-09-19 19:40:49'),(20,237,48,4000.00,'rsd','pending','card','pi_3SASIhClRBiTfY1y1g67mAVA','2025-09-23 09:14:19','2025-09-23 09:14:19'),(21,237,48,4000.00,'rsd','pending','card','pi_3SASIoClRBiTfY1y1R25vnPO','2025-09-23 09:14:26','2025-09-23 09:14:26'),(22,613,46,1000.00,'rsd','pending','card','pi_3SBceFClRBiTfY1y0W0giixv','2025-09-26 14:29:23','2025-09-26 14:29:23'),(23,613,46,1000.00,'rsd','pending','card','pi_3SBceHClRBiTfY1y0WajUGaZ','2025-09-26 14:29:24','2025-09-26 14:29:24');
/*!40000 ALTER TABLE `payments` ENABLE KEYS */;
UNLOCK TABLES;

--
-- Table structure for table `piktogrami`
--

DROP TABLE IF EXISTS `piktogrami`;
/*!40101 SET @saved_cs_client     = @@character_set_client */;
/*!50503 SET character_set_client = utf8mb4 */;
CREATE TABLE `piktogrami` (
  `pkt_id` int NOT NULL AUTO_INCREMENT,
  `pkt_naziv` varchar(45) NOT NULL,
  PRIMARY KEY (`pkt_id`),
  UNIQUE KEY `pkt_id_UNIQUE` (`pkt_id`)
) ENGINE=InnoDB AUTO_INCREMENT=11 DEFAULT CHARSET=utf8mb4 COLLATE=utf8mb4_0900_ai_ci;
/*!40101 SET character_set_client = @saved_cs_client */;

--
-- Dumping data for table `piktogrami`
--

LOCK TABLES `piktogrami` WRITE;
/*!40000 ALTER TABLE `piktogrami` DISABLE KEYS */;
INSERT INTO `piktogrami` VALUES (3,'akutna toksičnost'),(4,'opasnost po zdravlje ljudi'),(5,'eksplozivno'),(6,'oksidativno'),(7,'korozivno'),(8,'opšta opasnost'),(9,'zapaljivo'),(10,'opasnost po životnu sredinu');
/*!40000 ALTER TABLE `piktogrami` ENABLE KEYS */;
UNLOCK TABLES;

--
-- Table structure for table `piktogrami_proizvodi`
--

DROP TABLE IF EXISTS `piktogrami_proizvodi`;
/*!40101 SET @saved_cs_client     = @@character_set_client */;
/*!50503 SET character_set_client = utf8mb4 */;
CREATE TABLE `piktogrami_proizvodi` (
  `pkt_id` int NOT NULL,
  `pro_id` int NOT NULL,
  `fk_pro_id` int DEFAULT NULL,
  `fk_pkt_id` int DEFAULT NULL,
  PRIMARY KEY (`pkt_id`,`pro_id`),
  KEY `fk_pkt_id_idx` (`fk_pkt_id`),
  KEY `fk_pro_id_idx` (`fk_pro_id`),
  CONSTRAINT `fk_pkt_id` FOREIGN KEY (`fk_pkt_id`) REFERENCES `piktogrami` (`pkt_id`),
  CONSTRAINT `fk_pro_id` FOREIGN KEY (`fk_pro_id`) REFERENCES `proizvodi` (`pro_id`)
) ENGINE=InnoDB DEFAULT CHARSET=utf8mb4 COLLATE=utf8mb4_0900_ai_ci;
/*!40101 SET character_set_client = @saved_cs_client */;

--
-- Dumping data for table `piktogrami_proizvodi`
--

LOCK TABLES `piktogrami_proizvodi` WRITE;
/*!40000 ALTER TABLE `piktogrami_proizvodi` DISABLE KEYS */;
INSERT INTO `piktogrami_proizvodi` VALUES (3,117,NULL,NULL),(3,120,NULL,NULL),(3,151,NULL,NULL),(3,154,NULL,NULL),(3,155,NULL,NULL),(3,158,NULL,NULL),(3,160,NULL,NULL),(3,193,NULL,NULL),(3,195,NULL,NULL),(3,200,NULL,NULL),(3,201,NULL,NULL),(3,210,NULL,NULL),(3,225,NULL,NULL),(3,227,NULL,NULL),(3,235,NULL,NULL),(3,239,NULL,NULL),(3,249,NULL,NULL),(3,258,NULL,NULL),(3,260,NULL,NULL),(4,91,NULL,NULL),(4,94,NULL,NULL),(4,108,NULL,NULL),(4,124,NULL,NULL),(4,137,NULL,NULL),(4,138,NULL,NULL),(4,139,NULL,NULL),(4,147,NULL,NULL),(4,153,NULL,NULL),(4,160,NULL,NULL),(4,161,NULL,NULL),(4,163,NULL,NULL),(4,193,NULL,NULL),(4,194,NULL,NULL),(4,195,NULL,NULL),(4,198,NULL,NULL),(4,200,NULL,NULL),(4,201,NULL,NULL),(4,207,NULL,NULL),(4,219,NULL,NULL),(4,227,NULL,NULL),(4,233,NULL,NULL),(4,234,NULL,NULL),(4,235,NULL,NULL),(4,236,NULL,NULL),(4,239,NULL,NULL),(4,249,NULL,NULL),(4,254,NULL,NULL),(4,260,NULL,NULL),(4,261,NULL,NULL),(4,262,NULL,NULL),(4,263,NULL,NULL),(5,135,NULL,NULL),(5,211,NULL,NULL),(6,3,NULL,NULL),(6,110,NULL,NULL),(6,116,NULL,NULL),(6,117,NULL,NULL),(6,126,NULL,NULL),(6,148,NULL,NULL),(6,155,NULL,NULL),(6,159,NULL,NULL),(6,211,NULL,NULL),(6,219,NULL,NULL),(6,258,NULL,NULL),(7,2,NULL,NULL),(7,93,NULL,NULL),(7,97,NULL,NULL),(7,103,NULL,NULL),(7,104,NULL,NULL),(7,120,NULL,NULL),(7,126,NULL,NULL),(7,129,NULL,NULL),(7,136,NULL,NULL),(7,139,NULL,NULL),(7,141,NULL,NULL),(7,144,NULL,NULL),(7,151,NULL,NULL),(7,154,NULL,NULL),(7,155,NULL,NULL),(7,156,NULL,NULL),(7,157,NULL,NULL),(7,158,NULL,NULL),(7,159,NULL,NULL),(7,161,NULL,NULL),(7,191,NULL,NULL),(7,193,NULL,NULL),(7,195,NULL,NULL),(7,199,NULL,NULL),(7,204,NULL,NULL),(7,205,NULL,NULL),(7,210,NULL,NULL),(7,213,NULL,NULL),(7,219,NULL,NULL),(7,227,NULL,NULL),(7,231,NULL,NULL),(7,235,NULL,NULL),(7,239,NULL,NULL),(7,243,NULL,NULL),(7,247,NULL,NULL),(7,253,NULL,NULL),(7,256,NULL,NULL),(7,257,NULL,NULL),(7,258,NULL,NULL),(8,2,NULL,NULL),(8,3,NULL,NULL),(8,93,NULL,NULL),(8,94,NULL,NULL),(8,97,NULL,NULL),(8,98,NULL,NULL),(8,103,NULL,NULL),(8,104,NULL,NULL),(8,106,NULL,NULL),(8,110,NULL,NULL),(8,114,NULL,NULL),(8,115,NULL,NULL),(8,116,NULL,NULL),(8,129,NULL,NULL),(8,131,NULL,NULL),(8,132,NULL,NULL),(8,134,NULL,NULL),(8,135,NULL,NULL),(8,136,NULL,NULL),(8,138,NULL,NULL),(8,139,NULL,NULL),(8,141,NULL,NULL),(8,143,NULL,NULL),(8,144,NULL,NULL),(8,145,NULL,NULL),(8,146,NULL,NULL),(8,147,NULL,NULL),(8,148,NULL,NULL),(8,149,NULL,NULL),(8,150,NULL,NULL),(8,152,NULL,NULL),(8,153,NULL,NULL),(8,157,NULL,NULL),(8,159,NULL,NULL),(8,160,NULL,NULL),(8,162,NULL,NULL),(8,163,NULL,NULL),(8,164,NULL,NULL),(8,190,NULL,NULL),(8,191,NULL,NULL),(8,192,NULL,NULL),(8,196,NULL,NULL),(8,197,NULL,NULL),(8,198,NULL,NULL),(8,199,NULL,NULL),(8,203,NULL,NULL),(8,204,NULL,NULL),(8,206,NULL,NULL),(8,207,NULL,NULL),(8,208,NULL,NULL),(8,209,NULL,NULL),(8,210,NULL,NULL),(8,211,NULL,NULL),(8,212,NULL,NULL),(8,213,NULL,NULL),(8,214,NULL,NULL),(8,215,NULL,NULL),(8,216,NULL,NULL),(8,217,NULL,NULL),(8,218,NULL,NULL),(8,219,NULL,NULL),(8,227,NULL,NULL),(8,228,NULL,NULL),(8,229,NULL,NULL),(8,230,NULL,NULL),(8,231,NULL,NULL),(8,232,NULL,NULL),(8,234,NULL,NULL),(8,235,NULL,NULL),(8,236,NULL,NULL),(8,238,NULL,NULL),(8,240,NULL,NULL),(8,242,NULL,NULL),(8,244,NULL,NULL),(8,245,NULL,NULL),(8,246,NULL,NULL),(8,247,NULL,NULL),(8,248,NULL,NULL),(8,249,NULL,NULL),(8,250,NULL,NULL),(8,251,NULL,NULL),(8,252,NULL,NULL),(8,254,NULL,NULL),(8,255,NULL,NULL),(8,259,NULL,NULL),(8,261,NULL,NULL),(8,262,NULL,NULL),(8,263,NULL,NULL),(8,264,NULL,NULL),(9,124,NULL,NULL),(9,129,NULL,NULL),(9,131,NULL,NULL),(9,132,NULL,NULL),(9,135,NULL,NULL),(9,136,NULL,NULL),(9,138,NULL,NULL),(9,160,NULL,NULL),(9,162,NULL,NULL),(9,163,NULL,NULL),(9,190,NULL,NULL),(9,198,NULL,NULL),(9,200,NULL,NULL),(9,202,NULL,NULL),(9,203,NULL,NULL),(9,205,NULL,NULL),(9,207,NULL,NULL),(9,226,NULL,NULL),(9,229,NULL,NULL),(9,231,NULL,NULL),(9,235,NULL,NULL),(9,239,NULL,NULL),(9,241,NULL,NULL),(9,243,NULL,NULL),(9,253,NULL,NULL),(9,256,NULL,NULL),(9,261,NULL,NULL),(9,263,NULL,NULL),(10,2,NULL,NULL),(10,93,NULL,NULL),(10,94,NULL,NULL),(10,114,NULL,NULL),(10,117,NULL,NULL),(10,120,NULL,NULL),(10,125,NULL,NULL),(10,126,NULL,NULL),(10,129,NULL,NULL),(10,139,NULL,NULL),(10,141,NULL,NULL),(10,144,NULL,NULL),(10,153,NULL,NULL),(10,160,NULL,NULL),(10,198,NULL,NULL),(10,210,NULL,NULL),(10,225,NULL,NULL),(10,227,NULL,NULL),(10,232,NULL,NULL),(10,233,NULL,NULL),(10,239,NULL,NULL),(10,254,NULL,NULL),(10,258,NULL,NULL),(10,262,NULL,NULL);
/*!40000 ALTER TABLE `piktogrami_proizvodi` ENABLE KEYS */;
UNLOCK TABLES;

--
-- Table structure for table `poruke`
--

DROP TABLE IF EXISTS `poruke`;
/*!40101 SET @saved_cs_client     = @@character_set_client */;
/*!50503 SET character_set_client = utf8mb4 */;
CREATE TABLE `poruke` (
  `por_id` int NOT NULL AUTO_INCREMENT,
  `fk_user_sender` int DEFAULT NULL,
  `user_id_reciver` int DEFAULT '0',
  `por_content` text NOT NULL,
  `por_time` time NOT NULL,
  `tip` enum('poruka','predlog') DEFAULT 'poruka',
  `status` enum('nov','resen','odbijen') DEFAULT 'nov',
  `user_anonim` int DEFAULT '-1',
  PRIMARY KEY (`por_id`),
  UNIQUE KEY `por_id_UNIQUE` (`por_id`),
  KEY `user_id_sender_idx` (`fk_user_sender`),
  CONSTRAINT `fk_user_id_sender` FOREIGN KEY (`fk_user_sender`) REFERENCES `users` (`usr_id`)
) ENGINE=InnoDB AUTO_INCREMENT=17 DEFAULT CHARSET=utf8mb4 COLLATE=utf8mb4_0900_ai_ci;
/*!40101 SET character_set_client = @saved_cs_client */;

--
-- Dumping data for table `poruke`
--

LOCK TABLES `poruke` WRITE;
/*!40000 ALTER TABLE `poruke` DISABLE KEYS */;
INSERT INTO `poruke` VALUES (1,1,NULL,'kako si','17:47:32','poruka','nov',-1),(2,1,NULL,'mozes li mi pomoci da razvijem sajt\n','17:47:58','poruka','nov',-1),(3,1,NULL,'Gde si prijatelju','18:53:59','poruka','nov',-1),(4,1,NULL,'Evo razvijamo sajt, tebe nema da popijemo po koju','18:54:40','poruka','nov',-1),(5,1,NULL,'Hm, zelim pokrenuti backend kumim ga kupusom, drzi fige da uspe','19:00:02','poruka','nov',-1),(6,NULL,NULL,'Ako sam anonimus nemoj me prikazivati','19:24:41','poruka','nov',-1),(7,NULL,NULL,'Sada sam Duško','19:25:47','poruka','nov',-1),(8,NULL,NULL,'Prepoznaješ li da sam Duško','19:28:33','poruka','nov',-1),(9,3,NULL,'Ja sam Dule a ko si ti','19:32:29','poruka','nov',NULL),(10,48,NULL,'Ja sam Sinisa zovu me Sign in','19:33:51','poruka','nov',NULL),(11,48,NULL,'Ali zasto sam 2x upisana poruka','19:34:02','poruka','nov',NULL),(12,48,NULL,'E sad ja sam Sinisa','19:34:28','poruka','nov',NULL),(13,48,NULL,'Idem gledati seriju','19:35:08','poruka','nov',NULL),(14,48,NULL,'Polako, jos malo i backend da povezmemo i napravimo hit','20:59:59','poruka','nov',NULL),(15,NULL,NULL,'Uputiti se za istraživačku praksu u Vinči','16:41:59','poruka','nov',-1),(16,46,NULL,'Samo jos da posaljem na backend strukturu','16:29:51','poruka','nov',NULL);
/*!40000 ALTER TABLE `poruke` ENABLE KEYS */;
UNLOCK TABLES;

--
-- Table structure for table `proizvodi`
--

DROP TABLE IF EXISTS `proizvodi`;
/*!40101 SET @saved_cs_client     = @@character_set_client */;
/*!50503 SET character_set_client = utf8mb4 */;
CREATE TABLE `proizvodi` (
  `pro_id` int NOT NULL AUTO_INCREMENT,
  `pro_iupac` varchar(255) NOT NULL,
  `pro_cena` decimal(10,2) NOT NULL,
  `pro_kolicina` smallint NOT NULL,
  `pro_jedinicamere` varchar(255) NOT NULL,
  `pro_rok` int NOT NULL,
  `pro_lager` int NOT NULL,
  `tip_hemikalije` varchar(50) DEFAULT NULL,
  PRIMARY KEY (`pro_id`),
  UNIQUE KEY `pro_id_UNIQUE` (`pro_id`)
) ENGINE=InnoDB AUTO_INCREMENT=265 DEFAULT CHARSET=utf8mb4 COLLATE=utf8mb4_0900_ai_ci;
/*!40101 SET character_set_client = @saved_cs_client */;

--
-- Dumping data for table `proizvodi`
--

LOCK TABLES `proizvodi` WRITE;
/*!40000 ALTER TABLE `proizvodi` DISABLE KEYS */;
INSERT INTO `proizvodi` VALUES (1,'Aluminijum oksid',3000.00,1,'kg',3,0,'neorganska'),(2,'Cink sulfat heptahidrat',5000.00,1,'kg',3,5,'neorganska'),(3,'Litijum nitrat',3000.00,1,'kg',3,5,'neorganska'),(90,'Etilamin bor trifluorid kompleks',1000.00,100,'ml',5,1,'neorganska'),(91,'Borna kiselina',2000.00,1,'kg',5,5,'neorganska'),(92,'Gvožđe (II) oksid',2000.00,25,'g',0,0,'neorganska'),(93,'Trihlorsirćetna kiselina ',3000.00,250,'g',3,5,'neorganska'),(94,'Kobalt (II) hlorid',4000.00,100,'g',3,5,'organska'),(95,'Kalcijum bromid',1000.00,100,'g',3,2,'neorganska'),(96,'Kalcijum jodid',3000.00,100,'g',5,5,'neorganska'),(97,'Kalcijum hidroksid',2000.00,500,'g',1,3,'neorganska'),(98,'Kalcijum hlorid',3000.00,500,'g',3,5,'neorganska'),(99,'Kalcijum laktat',5000.00,250,'g',1,5,'organska'),(100,'Kalcijum stearat',2000.00,1,'kg',2,5,'organska'),(101,'Kalcijum sulfat',3000.00,500,'g',1,5,'neorganska'),(102,'Kalcijum sulfat dihidrat',5000.00,1,'kg',1,5,'neorganska'),(103,'Kalcijum nitrat',3000.00,500,'g',2,5,'neorganska'),(104,'Kalcijum oksid',3000.00,500,'g',5,5,'neorganska'),(106,'Kalijum bromid',3000.00,500,'g',1,5,'neorganska'),(107,'Kalijum fericijanid',6000.00,250,'g',1,0,'neorganska'),(108,'Kalijum jodid',7000.00,500,'g',2,5,'neorganska'),(109,'Kalijum sulfat',3000.00,1,'kg',2,5,'neorganska'),(110,'Kalijum nitrat',3000.00,500,'g',3,5,'neorganska'),(111,'Kalijum hlorid',1000.00,500,'g',3,5,'neorganska'),(112,'Natrijum alginat',7000.00,500,'g',2,5,'organska'),(113,'Natrijum bromid',1000.00,500,'g',1,5,'neorganska'),(114,'Natrijum jodid',5000.00,500,'g',2,5,'neorganska'),(115,'Natrijum karbonat',2000.00,1,'kg',3,5,'neorganska'),(116,'Natrijum nitrat',3000.00,500,'g',2,5,'neorganska'),(117,'Natrijum nitrit',1000.00,500,'g',3,5,'neorganska'),(118,'Natrijum laktat',3000.00,500,'ml',3,4,'organska'),(120,'Natrijum sulfid',1000.00,1,'kg',1,5,'neorganska'),(121,'Natrijum sulfat',2000.00,1,'kg',1,5,'neorganska'),(122,'Natrijum tiosulfat',1000.00,250,'g',2,5,'neorganska'),(123,'Natrijum hlorid',1000.00,1,'kg',3,5,'neorganska'),(124,'Petrol etar',1000.00,1,'l',1,5,'organska'),(125,'Srebro hlorid',5000.00,100,'g',3,5,'neorganska'),(126,'Srebro nitrat',6000.00,500,'g',2,5,'neorganska'),(127,'Kalcijum acetat',4000.00,1,'kg',3,5,'organska'),(129,'Kalcijum hidrid',8000.00,500,'g',2,5,'neorganska'),(131,'Acetonitril',10000.00,1,'l',3,5,'organska'),(132,'Aceton',2000.00,1,'l',2,5,'organska'),(133,'Laktoza',9000.00,1,'kg',1,5,'organska'),(134,'Benzil alkohol',2000.00,1,'l',1,0,'organska'),(135,'Benzoil peroksid',3000.00,1,'kg',1,5,'organska'),(136,'Butanol ',2000.00,1,'l',2,5,'organska'),(137,'Dimetilurea',1000.00,1,'kg',2,5,'organska'),(138,'Furan',3000.00,1,'l',2,5,'organska'),(139,'Hidrohinon',7000.00,1,'kg',3,5,'organska'),(140,'Polivinil alkohol',4000.00,1,'kg',1,5,'organska'),(141,'Rezorcinol',1000.00,1,'kg',2,5,'organska'),(142,'Amonijum tiosulfat',8000.00,1,'kg',1,5,'neorganska'),(143,'Sumpor',1000.00,1,'kg',1,5,'neorganska'),(144,'Butilamin',1000.00,1,'l',2,5,'neorganska'),(145,'Magnezijum hlorid',3000.00,1,'kg',3,4,'neorganska'),(146,'Magnezijum bromid',1000.00,1,'kg',1,5,'neorganska'),(147,'Jod',3000.00,1,'kg',2,5,'neorganska'),(148,'Magnezijum nitrat',1000.00,1,'kg',3,5,'neorganska'),(149,'Magnezijum oksid',5000.00,1,'kg',2,5,'neorganska'),(150,'Magnezijum sulfat',4000.00,1,'kg',2,5,'neorganska'),(151,'Fluorovodonična kiselina',2000.00,1,'l',2,5,'neorganska'),(152,'Aktivni ugalj',2000.00,100,'kom',0,5,'neorganska'),(153,'Tiourea',3000.00,1,'kg',1,5,'organska'),(154,'Brom',4000.00,1,'l',1,5,'neorganska'),(155,'Azotna kiselina',2000.00,1,'l',2,5,'neorganska'),(156,'Fosforna kiselina',3000.00,1,'kg',2,5,'neorganska'),(157,'Hlorovodonična kiselina',1000.00,1,'l',2,5,'neorganska'),(158,'Sumporna kiselina',3000.00,1,'l',2,5,'neorganska'),(159,'Vodonik peroksid',1000.00,1,'l',3,5,'neorganska'),(160,'Benzen',5000.00,1,'l',2,0,'organska'),(161,'Benzojeva kiselina',3000.00,1,'kg',3,5,'organska'),(162,'Dietil etar',2000.00,1,'l',1,5,'organska'),(163,'Dimetilformamid',3000.00,1,'l',3,5,'organska'),(164,'Dimetil sulfoksid',6000.00,1,'l',2,5,'organska'),(190,'Etanol',1000.00,1,'l',3,5,'organska'),(191,'Etanolamin',3000.00,1,'l',2,5,'organska'),(192,'Etilendiamintetrasirćetna kiselina',8000.00,1,'kg',2,5,'organska'),(193,'Fenol',4000.00,1,'l',1,5,'organska'),(194,'Fenolftalein',5000.00,1,'kg',3,5,'organska'),(195,'Formaldehid',2000.00,1,'l',2,5,'organska'),(196,'Glicerol',3000.00,1,'l',2,5,'organska'),(197,'Glukoza',7000.00,1,'kg',2,5,'organska'),(198,'Heksan',8000.00,1,'l',1,5,'organska'),(199,'Limunska kiselina',1000.00,1,'kg',3,5,'organska'),(200,'Metanol',1000.00,1,'l',3,5,'organska'),(201,'Nitrobenzen',2000.00,1,'l',5,0,'organska'),(202,'Nitroceluloza',3000.00,100,'kom',1,5,'organska'),(203,'Piridin',5000.00,1,'l',3,5,'organska'),(204,'Salicilna kiselina',2000.00,1,'kg',1,3,'organska'),(205,'Sirćetna kiselina',1000.00,1,'l',3,5,'organska'),(206,'Stearinska kiselina',1000.00,1,'kg',2,5,'organska'),(207,'Toluen',2000.00,1,'l',3,5,'organska'),(208,'Trietanolamin',1000.00,1,'l',3,5,'organska'),(209,'Urea',1000.00,1,'kg',1,5,'organska'),(210,'Amonijum hidroksid',6000.00,1,'l',2,5,'neorganska'),(211,'Amonijum nitrat',3000.00,1,'kg',3,5,'neorganska'),(212,'Magnezijum hidroksid',2000.00,1,'kg',3,5,'neorganska'),(213,'Natrijum hidroksid',1000.00,1,'kg',1,5,'neorganska'),(214,'Silicijum dioksid',2000.00,1,'kg',2,5,'neorganska'),(215,'Aluminijum hidroksid',2000.00,1,'kg',1,0,'neorganska'),(216,'Kalcijum fosfat',4000.00,1,'kg',3,5,'neorganska'),(217,'Kalijum karbonat',3000.00,1,'kg',1,5,'neorganska'),(218,'Natrijum bikarbonat',2500.00,1,'kg',3,5,'neorganska'),(219,'Perhlorna kiselina',9000.00,1,'l',1,5,'neorganska'),(225,'Dihlordifeniltrihloretan',1600.00,200,'mg',1,0,'organska'),(226,'Aluminijum',1500.00,100,'g',1,0,'neorganska'),(227,'Anilin',2000.00,1,'l',2,5,'organska'),(228,'Azelaična kiselina',1500.00,100,'g',2,5,'organska'),(229,'Butil acetat',2000.00,1,'l',2,5,'organska'),(230,'Cijanurinska kiselina',1500.00,100,'mg',2,5,'organska'),(231,'Cikloheksen oksid',2000.00,1,'l',2,5,'organska'),(232,'Cink stearat',1800.00,1,'kg',1,5,'organska'),(233,'Dibutil ftalat',1800.00,1,'l',2,5,'organska'),(234,'Dihlorometan',2500.00,1,'l',2,5,'organska'),(235,'Epihlorhidrin',2500.00,1,'l',1,5,'organska'),(236,'Etilen glikol',1500.00,1,'l',2,5,'organska'),(238,'Glicin',1000.00,1000,'mg',2,5,'organska'),(239,'Hidrazin',1800.00,1,'l',2,5,'organska'),(240,'Kalcijum stearat',1800.00,1,'kg',2,5,'organska'),(241,'Kalcijum',2500.00,25,'g',1,5,'neorganska'),(242,'Kalijum jodat',1800.00,500,'g',2,5,'neorganska'),(243,'Litijum aluminijum hidrid',3000.00,25,'g',2,5,'neorganska'),(244,'Magnezijum hlorid ',1000.00,100,'g',2,5,'neorganska'),(245,'Magenzijum sulfat heptahidrat',2000.00,25,'g',1,5,'neorganska'),(246,'Magnezijum stearat',1800.00,25,'g',2,5,'organska'),(247,'Naftalensirćetna kiselina',2000.00,25,'g',2,5,'organska'),(248,'Natrijum bisulfit',1500.00,100,'g',2,5,'neorganska'),(249,'Natrijum fluorid',1500.00,500,'g',2,5,'neorganska'),(250,'Natrijum ortovanadat',2500.00,50,'g',2,5,'neorganska'),(251,'Natrijum pirofosfat',2500.00,500,'g',2,5,'neorganska'),(252,'Natrijum sulfit',1500.00,500,'g',2,5,'neorganska'),(253,'Natrijum',2000.00,100,'g',1,5,'neorganska'),(254,'Olovo',2000.00,100,'g',2,5,'neorganska'),(255,'Silicijumova kiselina',2500.00,25,'g',1,5,'neorganska'),(256,'Sirćetna kiselina',1000.00,1,'l',2,5,'organska'),(257,'Srebro hlorid',1500.00,100,'g',1,5,'neorganska'),(258,'Srebro nitrat',1000.00,500,'g',1,5,'neorganska'),(259,'Stearinska kiselina',1500.00,100,'g',2,5,'organska'),(260,'Teofilin',3000.00,50,'g',2,5,'organska'),(261,'Tetrahidrofuran',1500.00,1,'l',1,5,'organska'),(262,'Tiourea',3000.00,50,'g',2,5,'organska'),(263,'Toluen',3000.00,100,'ml',2,5,'organska'),(264,'Trietanolamin',2500.00,100,'ml',1,5,'organska');
/*!40000 ALTER TABLE `proizvodi` ENABLE KEYS */;
UNLOCK TABLES;

--
-- Table structure for table `proizvodi_tipoviprimene`
--

DROP TABLE IF EXISTS `proizvodi_tipoviprimene`;
/*!40101 SET @saved_cs_client     = @@character_set_client */;
/*!50503 SET character_set_client = utf8mb4 */;
CREATE TABLE `proizvodi_tipoviprimene` (
  `pro_id` int NOT NULL,
  `tpr_id` int NOT NULL,
  `fk_ttpr_id` int DEFAULT NULL,
  `fk_tpro_id` int DEFAULT NULL,
  PRIMARY KEY (`pro_id`,`tpr_id`),
  KEY `pro_id_idx` (`pro_id`),
  KEY `tpr_id_idx` (`tpr_id`),
  KEY `fk_ttpr_id_idx` (`fk_ttpr_id`),
  KEY `fk_tpro_id_idx` (`fk_tpro_id`),
  CONSTRAINT `fk_tpro_id` FOREIGN KEY (`fk_tpro_id`) REFERENCES `proizvodi` (`pro_id`),
  CONSTRAINT `fk_ttpr_id` FOREIGN KEY (`fk_ttpr_id`) REFERENCES `tipoviprimene` (`tpr_id`)
) ENGINE=InnoDB DEFAULT CHARSET=utf8mb4 COLLATE=utf8mb4_0900_ai_ci;
/*!40101 SET character_set_client = @saved_cs_client */;

--
-- Dumping data for table `proizvodi_tipoviprimene`
--

LOCK TABLES `proizvodi_tipoviprimene` WRITE;
/*!40000 ALTER TABLE `proizvodi_tipoviprimene` DISABLE KEYS */;
INSERT INTO `proizvodi_tipoviprimene` VALUES (1,3,NULL,NULL),(1,4,NULL,NULL),(1,7,NULL,NULL),(1,8,NULL,NULL),(1,11,NULL,NULL),(1,12,NULL,NULL),(1,13,NULL,NULL),(1,16,NULL,NULL),(2,2,NULL,NULL),(2,5,NULL,NULL),(2,6,NULL,NULL),(2,7,NULL,NULL),(2,16,NULL,NULL),(3,8,NULL,NULL),(3,17,NULL,NULL),(90,5,NULL,NULL),(90,14,NULL,NULL),(90,16,NULL,NULL),(91,3,NULL,NULL),(91,5,NULL,NULL),(91,8,NULL,NULL),(91,14,NULL,NULL),(91,16,NULL,NULL),(91,17,NULL,NULL),(91,19,NULL,NULL),(92,4,NULL,NULL),(93,3,NULL,NULL),(93,4,NULL,NULL),(93,12,NULL,NULL),(94,15,NULL,NULL),(94,16,NULL,NULL),(95,3,NULL,NULL),(95,6,NULL,NULL),(95,13,NULL,NULL),(96,6,NULL,NULL),(97,3,NULL,NULL),(97,5,NULL,NULL),(97,6,NULL,NULL),(97,7,NULL,NULL),(97,10,NULL,NULL),(97,11,NULL,NULL),(98,6,NULL,NULL),(98,10,NULL,NULL),(98,11,NULL,NULL),(98,15,NULL,NULL),(98,16,NULL,NULL),(99,2,NULL,NULL),(99,3,NULL,NULL),(99,6,NULL,NULL),(99,7,NULL,NULL),(99,10,NULL,NULL),(99,15,NULL,NULL),(100,3,NULL,NULL),(100,4,NULL,NULL),(100,6,NULL,NULL),(100,8,NULL,NULL),(100,10,NULL,NULL),(101,2,NULL,NULL),(101,6,NULL,NULL),(101,10,NULL,NULL),(101,16,NULL,NULL),(102,2,NULL,NULL),(102,5,NULL,NULL),(102,6,NULL,NULL),(102,7,NULL,NULL),(102,10,NULL,NULL),(103,5,NULL,NULL),(103,8,NULL,NULL),(103,10,NULL,NULL),(103,11,NULL,NULL),(104,6,NULL,NULL),(104,8,NULL,NULL),(104,10,NULL,NULL),(104,13,NULL,NULL),(104,16,NULL,NULL),(106,3,NULL,NULL),(106,15,NULL,NULL),(107,5,NULL,NULL),(107,6,NULL,NULL),(107,10,NULL,NULL),(108,2,NULL,NULL),(108,4,NULL,NULL),(108,6,NULL,NULL),(108,8,NULL,NULL),(109,3,NULL,NULL),(109,5,NULL,NULL),(109,17,NULL,NULL),(110,2,NULL,NULL),(110,3,NULL,NULL),(110,5,NULL,NULL),(110,6,NULL,NULL),(110,7,NULL,NULL),(110,8,NULL,NULL),(110,13,NULL,NULL),(110,16,NULL,NULL),(110,17,NULL,NULL),(111,2,NULL,NULL),(111,3,NULL,NULL),(111,5,NULL,NULL),(111,6,NULL,NULL),(111,16,NULL,NULL),(112,3,NULL,NULL),(112,4,NULL,NULL),(112,6,NULL,NULL),(112,7,NULL,NULL),(113,11,NULL,NULL),(113,13,NULL,NULL),(114,2,NULL,NULL),(114,6,NULL,NULL),(115,6,NULL,NULL),(115,7,NULL,NULL),(115,10,NULL,NULL),(115,11,NULL,NULL),(116,5,NULL,NULL),(116,6,NULL,NULL),(116,8,NULL,NULL),(116,16,NULL,NULL),(117,3,NULL,NULL),(117,6,NULL,NULL),(117,16,NULL,NULL),(118,2,NULL,NULL),(118,3,NULL,NULL),(118,4,NULL,NULL),(118,6,NULL,NULL),(120,3,NULL,NULL),(120,11,NULL,NULL),(120,13,NULL,NULL),(121,3,NULL,NULL),(121,6,NULL,NULL),(121,8,NULL,NULL),(122,3,NULL,NULL),(122,6,NULL,NULL),(123,2,NULL,NULL),(123,3,NULL,NULL),(123,6,NULL,NULL),(123,7,NULL,NULL),(123,10,NULL,NULL),(124,3,NULL,NULL),(124,5,NULL,NULL),(124,13,NULL,NULL),(125,2,NULL,NULL),(125,3,NULL,NULL),(125,4,NULL,NULL),(125,11,NULL,NULL),(126,2,NULL,NULL),(126,3,NULL,NULL),(126,12,NULL,NULL),(126,17,NULL,NULL),(127,2,NULL,NULL),(127,6,NULL,NULL),(129,16,NULL,NULL),(131,3,NULL,NULL),(131,8,NULL,NULL),(131,12,NULL,NULL),(131,13,NULL,NULL),(132,2,NULL,NULL),(132,3,NULL,NULL),(132,4,NULL,NULL),(132,6,NULL,NULL),(132,12,NULL,NULL),(132,15,NULL,NULL),(132,16,NULL,NULL),(133,3,NULL,NULL),(133,6,NULL,NULL),(134,3,NULL,NULL),(134,4,NULL,NULL),(135,3,NULL,NULL),(135,6,NULL,NULL),(135,7,NULL,NULL),(135,11,NULL,NULL),(136,4,NULL,NULL),(136,13,NULL,NULL),(137,3,NULL,NULL),(137,5,NULL,NULL),(137,6,NULL,NULL),(138,3,NULL,NULL),(138,5,NULL,NULL),(140,2,NULL,NULL),(140,3,NULL,NULL),(141,3,NULL,NULL),(142,5,NULL,NULL),(142,8,NULL,NULL),(143,3,NULL,NULL),(143,4,NULL,NULL),(143,5,NULL,NULL),(143,8,NULL,NULL),(143,17,NULL,NULL),(144,3,NULL,NULL),(144,5,NULL,NULL),(144,13,NULL,NULL),(145,3,NULL,NULL),(145,5,NULL,NULL),(145,6,NULL,NULL),(145,10,NULL,NULL),(145,16,NULL,NULL),(145,20,NULL,NULL),(146,16,NULL,NULL),(147,2,NULL,NULL),(147,3,NULL,NULL),(147,5,NULL,NULL),(147,6,NULL,NULL),(147,13,NULL,NULL),(147,14,NULL,NULL),(147,21,NULL,NULL),(148,5,NULL,NULL),(149,3,NULL,NULL),(149,5,NULL,NULL),(149,6,NULL,NULL),(149,8,NULL,NULL),(149,10,NULL,NULL),(149,11,NULL,NULL),(149,16,NULL,NULL),(149,21,NULL,NULL),(150,2,NULL,NULL),(150,3,NULL,NULL),(150,4,NULL,NULL),(150,5,NULL,NULL),(150,6,NULL,NULL),(150,10,NULL,NULL),(150,16,NULL,NULL),(151,3,NULL,NULL),(151,7,NULL,NULL),(151,8,NULL,NULL),(151,11,NULL,NULL),(151,13,NULL,NULL),(151,16,NULL,NULL),(152,2,NULL,NULL),(152,3,NULL,NULL),(152,4,NULL,NULL),(152,5,NULL,NULL),(152,6,NULL,NULL),(152,7,NULL,NULL),(152,8,NULL,NULL),(152,11,NULL,NULL),(152,12,NULL,NULL),(152,13,NULL,NULL),(152,14,NULL,NULL),(152,16,NULL,NULL),(152,21,NULL,NULL),(153,5,NULL,NULL),(153,16,NULL,NULL),(154,8,NULL,NULL),(154,11,NULL,NULL),(155,5,NULL,NULL),(155,6,NULL,NULL),(155,8,NULL,NULL),(155,12,NULL,NULL),(155,14,NULL,NULL),(155,16,NULL,NULL),(155,17,NULL,NULL),(156,4,NULL,NULL),(156,5,NULL,NULL),(156,6,NULL,NULL),(156,16,NULL,NULL),(157,3,NULL,NULL),(157,6,NULL,NULL),(157,10,NULL,NULL),(157,11,NULL,NULL),(157,13,NULL,NULL),(157,16,NULL,NULL),(158,3,NULL,NULL),(158,5,NULL,NULL),(158,8,NULL,NULL),(158,11,NULL,NULL),(158,16,NULL,NULL),(158,17,NULL,NULL),(159,2,NULL,NULL),(159,3,NULL,NULL),(159,5,NULL,NULL),(159,7,NULL,NULL),(159,11,NULL,NULL),(159,13,NULL,NULL),(159,17,NULL,NULL),(160,3,NULL,NULL),(160,5,NULL,NULL),(160,13,NULL,NULL),(160,17,NULL,NULL),(161,2,NULL,NULL),(161,3,NULL,NULL),(161,6,NULL,NULL),(162,13,NULL,NULL),(163,3,NULL,NULL),(163,5,NULL,NULL),(163,12,NULL,NULL),(164,2,NULL,NULL),(164,3,NULL,NULL),(164,8,NULL,NULL),(164,12,NULL,NULL),(164,15,NULL,NULL),(190,2,NULL,NULL),(190,3,NULL,NULL),(190,4,NULL,NULL),(190,12,NULL,NULL),(190,13,NULL,NULL),(191,2,NULL,NULL),(191,3,NULL,NULL),(191,4,NULL,NULL),(191,8,NULL,NULL),(191,14,NULL,NULL),(192,2,NULL,NULL),(192,3,NULL,NULL),(192,5,NULL,NULL),(192,6,NULL,NULL),(192,7,NULL,NULL),(192,8,NULL,NULL),(192,10,NULL,NULL),(192,11,NULL,NULL),(193,2,NULL,NULL),(193,3,NULL,NULL),(193,5,NULL,NULL),(193,12,NULL,NULL),(194,10,NULL,NULL),(194,12,NULL,NULL),(195,10,NULL,NULL),(195,12,NULL,NULL),(195,17,NULL,NULL),(196,2,NULL,NULL),(196,3,NULL,NULL),(196,4,NULL,NULL),(196,5,NULL,NULL),(196,6,NULL,NULL),(196,7,NULL,NULL),(196,12,NULL,NULL),(196,13,NULL,NULL),(196,16,NULL,NULL),(196,17,NULL,NULL),(197,2,NULL,NULL),(197,6,NULL,NULL),(198,10,NULL,NULL),(199,2,NULL,NULL),(199,3,NULL,NULL),(199,4,NULL,NULL),(199,6,NULL,NULL),(199,11,NULL,NULL),(199,16,NULL,NULL),(200,8,NULL,NULL),(200,11,NULL,NULL),(200,12,NULL,NULL),(200,13,NULL,NULL),(201,3,NULL,NULL),(201,5,NULL,NULL),(201,17,NULL,NULL),(202,3,NULL,NULL),(202,4,NULL,NULL),(202,12,NULL,NULL),(202,17,NULL,NULL),(203,3,NULL,NULL),(203,5,NULL,NULL),(203,7,NULL,NULL),(203,16,NULL,NULL),(204,2,NULL,NULL),(204,3,NULL,NULL),(204,6,NULL,NULL),(205,2,NULL,NULL),(205,3,NULL,NULL),(205,6,NULL,NULL),(206,4,NULL,NULL),(206,6,NULL,NULL),(206,8,NULL,NULL),(206,17,NULL,NULL),(207,12,NULL,NULL),(207,13,NULL,NULL),(207,14,NULL,NULL),(207,17,NULL,NULL),(208,2,NULL,NULL),(208,3,NULL,NULL),(208,4,NULL,NULL),(208,10,NULL,NULL),(208,16,NULL,NULL),(208,17,NULL,NULL),(209,2,NULL,NULL),(209,4,NULL,NULL),(209,5,NULL,NULL),(209,6,NULL,NULL),(209,7,NULL,NULL),(209,8,NULL,NULL),(209,12,NULL,NULL),(209,13,NULL,NULL),(209,17,NULL,NULL),(209,20,NULL,NULL),(209,21,NULL,NULL),(210,6,NULL,NULL),(210,11,NULL,NULL),(211,5,NULL,NULL),(211,17,NULL,NULL),(212,2,NULL,NULL),(212,4,NULL,NULL),(212,6,NULL,NULL),(212,8,NULL,NULL),(212,10,NULL,NULL),(212,11,NULL,NULL),(213,6,NULL,NULL),(213,8,NULL,NULL),(213,10,NULL,NULL),(213,11,NULL,NULL),(213,13,NULL,NULL),(213,14,NULL,NULL),(213,16,NULL,NULL),(213,20,NULL,NULL),(214,3,NULL,NULL),(214,4,NULL,NULL),(214,5,NULL,NULL),(214,6,NULL,NULL),(214,7,NULL,NULL),(214,8,NULL,NULL),(214,10,NULL,NULL),(214,12,NULL,NULL),(214,13,NULL,NULL),(214,16,NULL,NULL),(215,2,NULL,NULL),(215,3,NULL,NULL),(215,11,NULL,NULL),(215,15,NULL,NULL),(215,16,NULL,NULL),(216,2,NULL,NULL),(216,3,NULL,NULL),(216,5,NULL,NULL),(216,7,NULL,NULL),(216,12,NULL,NULL),(217,6,NULL,NULL),(217,16,NULL,NULL),(218,2,NULL,NULL),(218,3,NULL,NULL),(218,4,NULL,NULL),(218,5,NULL,NULL),(218,6,NULL,NULL),(218,15,NULL,NULL),(218,16,NULL,NULL),(218,17,NULL,NULL),(219,8,NULL,NULL),(219,16,NULL,NULL),(219,17,NULL,NULL),(225,5,NULL,NULL);
/*!40000 ALTER TABLE `proizvodi_tipoviprimene` ENABLE KEYS */;
UNLOCK TABLES;

--
-- Table structure for table `specifikacije`
--

DROP TABLE IF EXISTS `specifikacije`;
/*!40101 SET @saved_cs_client     = @@character_set_client */;
/*!50503 SET character_set_client = utf8mb4 */;
CREATE TABLE `specifikacije` (
  `spe_id` int NOT NULL AUTO_INCREMENT,
  `fk_spe_pro_id` int DEFAULT NULL,
  `spe_izgled` varchar(45) NOT NULL,
  `spe_klashemikal` text,
  `spe_prvapomoc` text,
  `spe_ruksklad` text,
  PRIMARY KEY (`spe_id`),
  UNIQUE KEY `spe_id_UNIQUE` (`spe_id`),
  KEY `fk_pro_id_idx` (`fk_spe_pro_id`),
  CONSTRAINT `fk_spe_pro_id` FOREIGN KEY (`fk_spe_pro_id`) REFERENCES `proizvodi` (`pro_id`)
) ENGINE=InnoDB AUTO_INCREMENT=126 DEFAULT CHARSET=utf8mb4 COLLATE=utf8mb4_0900_ai_ci;
/*!40101 SET character_set_client = @saved_cs_client */;

--
-- Dumping data for table `specifikacije`
--

LOCK TABLES `specifikacije` WRITE;
/*!40000 ALTER TABLE `specifikacije` DISABLE KEYS */;
INSERT INTO `specifikacije` VALUES (2,1,'Beli fini prah','Ne smatra se opasnom ili toksičnom supstancom, niti sadrži bilo kakve primese tog tipa.','Ako se dođe u kontakt sa supstancom bilo preko kože ili gutanja obavezno ispati sa velikom količinom vode. ','Hermetički zatvoreno. Suvo.'),(3,2,'Bela kristalna supstanca','Akutna toksičnost, oralno. Teško oštećenje oka. Opasnost po vodenu životnu sredinu.','\'Ako se dođe u kontakt sa supstancom bilo preko kože ili gutanja obavezno ispati sa velikom količinom vode.Požar može izazvati oslobađanje opasnih isparenja. \'','Hermetički zatvoreno. Suvo.'),(4,3,'Beli fini prah','Oksiduje čvrste supstance i smeše, akutna toksičnost oralno, iritacija oka','\'Ako se dođe u kontakt sa supstancom bilo preko kože ili gutanja obavezno ispati sa velikom količinom vode.\'','Hermetički zatvoreno. Suvo. Čuvati odvojeno od otvorenog plamena, vrućih površina i izvora paljenja.'),(5,90,'Bezbojna bistra tečnost','Akutna toksičnost oralno,udisanje, korozija kože, teško oštećenje oka, specifična toksičnost za respiratorni sistem','Opekotine fluorovodonične kiseline (HF) zahtevaju trenutnu i specifičnu prvu pomoć i lečenje. Pružalac prve pomoći treba da se zaštiti. U slučaju dodira sa kožom, prvo lečenje pastom od kalcijum-glukonata. a.U slučaju kontakta s kožom: Hitno  ukloniti/skinuti svu kontaminiranu odeću. Isprati kožu vodom. U slučaju požara stvaraju se opasni zapaljivi gasovi. ','Hermetički zatvoreno. Čuvati na mestu sa dobrom ventilacijom. Čuvati pod ključem ili na mestu dostupnom samo stručnim i ovlašćenim licima. Osetljivo na vlagu. Sprečiti da proizvod uđe u kanalizaciju. '),(6,91,'Beli fini prah','Može štetno da utiče na plodnost.','U slučaju kontakta s kožom isprati s velikom količinom vode. Požar može izazvati oslobađanje opasnih isparenja. Izbegavati udisanje pare supstance.','Hermetički zatvoreno. Suvo. Čuvati na mestu sa dobrom ventilacijom. Čuvati pod ključem ili na mestu dostupnom samo stručnim ili ovlašćenim licima. Osetljivo na vlagu. Sprečiti da proizvod uđe u kanalizaciju. '),(7,92,'Crni fini prah','Ne smatra se opasnom supstancom niti sadrži bilo kakve primese tog tipa.','U slučaju kontakta sa supstancom isprati s velikom količinom vode. Požar može izazvati oslobađanje opasnih isparenja.','Hermetički zatvoreno. Suvo. Osetljivost na vazduh.'),(8,93,'Bistra bezbojna tečnost','Akutna i hronična toksičnost, korozija kože, teško oštećenje oka. Može da izazove iritaciju respiratornih organa. Opasnost po vodenu životnu sredinu.','Sprečiti da proizvod uđe u kanalizaciju.U slučaju kontakta sa supstancom isprati s velikom količinom vode. Požar može izazvati oslobađanje opasnih isparenja.','Skladištiti pod azotom. Hermetički zatvoreno. Suvo.'),(19,94,'Kristalna supstanca roze boje','Akutna toksičnost, Oralno. Teško oštećenje oka. Karcinogenost, Udisanje. Toksičnost po reprodukciju. Opasnost po vodenu životnu sredinu.','Sprečiti da proizvod uđe u kanalizaciju. U slučaju kontakta sa supstancom isprati s velikom količinom vode nekoliko minuta. U SLUČAJU izlaganja ili zabrinutosti: Potražiti medicinski savet/  posmatranje.','Hermetički zatvoreno. Suvo. Čuvati na mestu sa dobrom ventilacijom. Čuvati pod ključem  ili na mestu dostupnom samo stručnim ili ovlašćenim licima. Rukujte sa i čuvajte pod inertnim gasom. Higroskopno.'),(20,95,'Bela kristalna supstanca','Može proizrokovati oštećenja kože i oka. Opasnost po vodenu životnu sredinu.','Sprečiti da proizvod uđe u kanalizaciju. .U slučaju kontakta sa supstancom isprati s velikom količinom vode.','Hermetički zatvoreno. Čuvati na suvom i  hladnom mestu sa dobrom ventilacijom.'),(21,96,'Bela kristalna supstanca','Ne smatra se opasnom ili toksičnom supstancom, niti sadrži bilo kakve primese tog tipa.','Ako se dođe u kontakt sa supstancom bilo preko kože ili gutanja obavezno ispati sa velikom količinom vode.','Čuvati na hladnom mestu. Čuvati posudu dobro zatvorenu na suvom mestu sa dobrom  ventilacijom. jako higroskopno Osetljivo na svetlost. Rukujte sa i čuvajte pod inertnim gasom.'),(22,97,'Beli fini prah','Iritacija kože i teško oštećenje oka. Može da izazove iritaciju respiratornih organa.','Ako se dođe u kontakt sa supstancom bilo preko kože ili gutanja obavezno ispati sa velikom količinom vode. Požar može izazvati oslobađanje opasnih isparenja.','Sprečiti da proizvod uđe u kanalizaciju. Hermetički zatvoreno. Suvo.'),(23,98,'Beli fini prah','Iritacija oka.','Sprečiti da proizvod uđe u kanalizaciju. Ako se dođe u kontakt sa supstancom bilo preko kože ili gutanja obavezno ispati sa velikom količinom vode. Požar može izazvati oslobađanje opasnih isparenja.','Hermetički zatvoreno. Suvo. Osetljivo na vlagu.'),(24,99,'Bela kristalna supstanca','Ne smatra se opasnom ili toksičnom supstancom, niti sadrži bilo kakve primese tog tipa.','Ako se dođe u kontakt sa supstancom bilo preko kože ili gutanja obavezno ispati sa velikom količinom vode.','Čuvati na hladnom mestu. Čuvati posudu dobro zatvorenu na suvom mestu sa dobrom  ventilacijom.'),(25,100,'Beli fini prah','Ne smatra se opasnom ili toksičnom supstancom, niti sadrži bilo kakve primese tog tipa.','Ako se dođe u kontakt sa supstancom bilo preko kože ili gutanja obavezno ispati sa velikom količinom vode. Opasnost od eksplozije prašine koju mogu izazvati oksidi ugljenika i kalcijum-oksid.','Čuvati odvojeno od otvorenog plamena, vrućih površina i izvora paljenja.Preduzeti mere za  sprečavanje statičkog pražnjenja. Hermetički zatvoreno. Suvo.'),(26,101,'Bela kristalna supstanca','Ne smatra se opasnom ili toksičnom supstancom, niti sadrži bilo kakve primese tog tipa.','Ako se dođe u kontakt sa supstancom bilo preko kože ili gutanja obavezno ispati sa velikom količinom vode. Požar može izazvati oslobađanje opasnih isparenja.','Sprečiti da proizvod uđe u kanalizaciju. Hermetički zatvoreno. Suvo. Preporučena temperatura skladištenja, pogledajte etiketu proizvoda.'),(27,102,'Beli fini prah','Ne smatra se opasnom ili toksičnom supstancom, niti sadrži bilo kakve primese tog tipa.','Ako se dođe u kontakt sa supstancom bilo preko kože ili gutanja obavezno ispati sa velikom količinom vode.','Čuvati na hladnom mestu. Čuvati posudu dobro zatvorenu na suvom mestu sa dobrom  ventilacijom. Čuvati na suvom mestu.'),(28,103,'Bela kristalna supstanca','Akutna toksičnost, Oralno. Teško oštećenje oka. Može da izazove iritaciju respiratornih organa.','Ako se dođe u kontakt sa supstancom bilo preko kože ili gutanja obavezno ispati sa velikom količinom vode. Požar može izazvati oslobađanje opasnih isparenja.','Sprečiti da proizvod uđe u kanalizaciju. Hermetički zatvoreno. Suvo. Higroskopno.'),(29,104,'Beli fini prah','Iritacija kože. Teško oštećenje oka. Može da izazove iritaciju respiratornih organa.','Sprečiti da proizvod uđe u kanalizaciju. Ako se dođe u kontakt sa supstancom bilo preko kože ili gutanja obavezno ispati sa velikom količinom vode. Požar može izazvati oslobađanje opasnih isparenja','Hermetički zatvoreno. Suvo.'),(30,106,'Beli fini prah','Iritacija oka.','Sprečiti da proizvod uđe u kanalizaciju.Ako se dođe u kontakt sa supstancom bilo preko kože ili gutanja obavezno ispati sa velikom količinom vode. Požar može izazvati oslobađanje opasnih isparenja.','Hermetički zatvoreno. Suvo. higroskopno'),(31,107,'Svetlo žuta kristalna supstanca','Opasnost po vodenu životnu sredinu.','Sprečiti da proizvod uđe u kanalizaciju. Ako se dođe u kontakt sa supstancom bilo preko kože ili gutanja obavezno ispati sa velikom količinom vode. Požar može izazvati oslobađanje opasnih isparenja.','Zaštićeno od svetla.Hermetički zatvoreno. Suvo. Čuvati odvojeno od kiselina. Preporučena temperatura skladištenja, pogledajte etiketu proizvoda.'),(32,108,'Bela kristalna supstanca','Specifična toksičnost za ciljni organ – višekratna izloženost, Oralno, Štitna žlezda.','Sprečiti da proizvod uđe u kanalizaciju. Ako se dođe u kontakt sa supstancom bilo preko kože ili gutanja obavezno ispati sa velikom količinom vode. Požar može izazvati oslobađanje opasnih isparenja.','Hermetički zatvoreno. Suvo. Čuvati na mestu sa dobrom ventilacijom. Čuvati pod ključem  ili na mestu dostupnom samo stručnim ili ovlašćenim licima. osetljivost na vazduh, svetlost i vlagu. Čuvajte pod inertnim gasom.'),(33,109,'Beli fini prah','Ne smatra se opasnom ili toksičnom supstancom, niti sadrži bilo kakve primese tog tipa.','Ako se dođe u kontakt sa supstancom bilo preko kože ili gutanja obavezno ispati sa velikom količinom vode. Požar može izazvati oslobađanje opasnih isparenja.','Hermetički zatvoreno. Suvo.'),(34,110,'Beli fini prah','Oksiduje čvrste supstance ili smeše. Može da pospeši požar.','Sprečiti da proizvod uđe u kanalizaciju. Ako se dođe u kontakt sa supstancom bilo preko kože ili gutanja obavezno ispati sa velikom količinom vode. Ima zapaljivo dejstvo usled oslobađanja kiseonika. Požar može izazvati oslobađanje opasnih isparenja.','Čuvati odvojeno od otvorenog plamena, vrućih površina i izvora paljenja. Hermetički zatvoreno. Čuvati odvojeno od gorivih supstanci.'),(35,111,'Beli fini prah','Ne smatra se opasnom ili toksičnom supstancom, niti sadrži bilo kakve primese tog tipa.','Ako se dođe u kontakt sa supstancom bilo preko kože ili gutanja obavezno ispati sa velikom količinom vode. Požar može izazvati oslobađanje opasnih isparenja.','Hermetički zatvoreno. Suvo. higroskopno'),(36,112,'Bledo-žućkasto-smeđa kristalna supstanca','Ne smatra se opasnom ili toksičnom supstancom, niti sadrži bilo kakve primese tog tipa.','Sprečiti da proizvod uđe u kanalizaciju.Ako se dođe u kontakt sa supstancom bilo preko kože ili gutanja obavezno ispati sa velikom količinom vode. U slučaju požara moguće stvaranje opasnih zapaljivih gasova ili isparenja.','Hermetički zatvoreno. Suvo.'),(37,113,'Bela kristalna supstanca','Toksičnost po reprodukciju. Specifična toksičnost za ciljni organ – jednokratna izloženost, Centralni  nervni sistem','Sprečiti da proizvod uđe u kanalizaciju. Ako se dođe u kontakt sa supstancom bilo preko kože ili gutanja obavezno ispati sa velikom količinom vode. Požar može izazvati oslobađanje opasnih isparenja.','Hermetički zatvoreno. Suvo. Higroskopno.'),(38,114,'Beli fini prah','Iritacija oka, kože.  Dovodi do oštećenja organa usled  dugotrajnog ili višekratnog gutanja. Veoma toksično po vodenu životnu sredinu.','Sprečiti da proizvod uđe u kanalizaciju.Posle udisanja izneti osobu na svež vazduh. Pozvati lekara. Ako se dođe u kontakt sa supstancom bilo preko kože ili gutanja obavezno ispati sa velikom količinom vode. Požar može izazvati oslobađanje opasnih isparenja.','Hermetički zatvoreno. Suvo. Čuvati na mestu sa dobrom ventilacijom. Čuvati pod ključem  ili na mestu dostupnom samo stručnim ili ovlašćenim licima.'),(39,115,'Beli fini prah','Iritacija oka.','Sprečiti da proizvod uđe u kanalizaciju.Ako se dođe u kontakt sa supstancom bilo preko kože ili gutanja obavezno ispati sa velikom količinom vode. Požar može izazvati oslobađanje opasnih isparenja.','Hermetički zatvoreno. Suvo. higroskopno.'),(40,116,'Bela kristalna supstanca ili fini prah','Oksiduje čvrste supstance i smeše. Iritacija oka.','Sprečiti da proizvod uđe u kanalizaciju. Ako se dođe u kontakt sa supstancom bilo preko kože ili gutanja obavezno ispati sa velikom količinom vode. Ima zapaljivo dejstvo usled oslobađanja kiseonika. Požar može izazvati oslobađanje opasnih isparenja.','Hermetički zatvoreno. Čuvati odvojeno od gorivih supstanci.'),(41,117,'Bela kristalna supstanca ili fini prah','Oksiduje čvrste supstance i smeše. Akutna toksičnost, oralno. Iritacija oka. Veoma toksično po vodenu životnu sredinu.','Sprečiti da proizvod uđe u kanalizaciju. Posle udisanja: svež vazduh. Ako se dođe u kontakt sa supstancom bilo preko kože ili gutanja obavezno ispati sa velikom količinom vode. Ima zapaljivo dejstvo usled oslobađanja kiseonika. Požar može izazvati oslobađanje opasnih isparenja','Hermetički zatvoreno. Čuvati pod ključem ili na mestu dostupnom samo stručnim ili  ovlašćenim licima. Čuvati odvojeno od gorivih supstanci.'),(42,118,'Bledo žuta kristalna supstanca ili fini prah','Ne smatra se opasnom ili toksičnom supstancom, niti sadrži bilo kakve primese tog tipa.','Ako se dođe u kontakt sa supstancom bilo preko kože ili gutanja obavezno ispati sa velikom količinom vode.','Čuvati na hladnom mestu. Čuvati posudu dobro zatvorenu na suvom mestu sa dobrom  ventilacijom.'),(43,120,'Bela kristalna supstanca','Oksiduje čvrste supstance i  smeše. Korozija kože. Teško oštećenje oka.','Sprečiti da proizvod uđe u kanalizaciju. Posle udisanja: svež vazduh. Pozvati lekara. Ako se dođe u kontakt sa supstancom bilo preko kože ili gutanja obavezno ispati sa velikom količinom vode. U slučaju požara moguće stvaranje opasnih zapaljivih gasova ili isparenj a. Ima zapaljivo dejstvo usled oslobađanja kiseonika.','Hermetički zatvoreno. Isključivo zasebno ili s drugim oksidujućim supstancama i podalje  od zapaljivih supstanci. Čuvajte pod inertnim gasom.'),(44,121,'Žuta kristalna supstanca','Može da se zapali ili zapali druge supstance /smeše. Korozivno za metale. Akutna toksičnost, oralno, preko kože, korozija kože. Teško oštećenje oka. Veoma toksično po vodenu životnu sredinu.','Sprečiti da proizvod uđe u kanalizaciju. Posle udisanja: svež vazduh. Pozvati lekara. Ako se dođe u kontakt sa supstancom bilo preko kože ili gutanja obavezno ispati sa velikom količinom vode. Požar može izazvati oslobađanje opasnih isparenja.','Ne koristiti metalne kontejnere. Hermetički zatvoreno. Čuvati odvojeno od toplote i izvora paljenja. Čuvati pod ključem ili  na mestu dostupnom samo stručnim ili ovlašćenim licima. Čuvati odvojeno od kiselina.'),(45,122,'Bela kristalna supstanca','Ne smatra se opasnom ili toksičnom supstancom, niti sadrži bilo kakve primese tog tipa.','Sprečiti da proizvod uđe u kanalizaciju. Posle udisanja: svež vazduh. Posle udisanja: svež vazduh. Požar može izazvati oslobađanje opasnih isparenja.','Hermetički zatvoreno. Suvo. higroskopno.'),(46,123,'Bela kristalna supstanca','Ne smatra se opasnom ili toksičnom supstancom, niti sadrži bilo kakve primese tog tipa.','Sprečiti da proizvod uđe u kanalizaciju.Ako se dođe u kontakt sa supstancom bilo preko kože ili gutanja obavezno ispati sa velikom količinom vode. Požar može izazvati oslobađanje opasnih isparenja.','Hermetički zatvoreno. Suvo. Čuvati odvojeno od kiselina. Čuvati na suvom mestu.'),(47,124,'Bela kristalna supstanca','Ne smatra se opasnom ili toksičnom supstancom, niti sadrži bilo kakve primese tog tipa.','Sprečiti da proizvod uđe u kanalizaciju. Ako se dođe u kontakt sa supstancom bilo preko kože ili gutanja obavezno ispati sa velikom količinom vode. Požar može izazvati oslobađanje opasnih isparenja','Hermetički zatvoreno. Suvo.'),(48,125,'Bezbojna tečnost','Zapaljiva tečnost. Iritacija kože. Specifična toksičnost za ciljni organ – jednokratna izloženost, Centralni  nervni sistem. Opasnost po respiratorni sistem. Opasnost po vodenu životnu sredinu, hronična','Sprečiti da proizvod uđe u kanalizaciju. Opasnost od eksplozije. Posle udisanja: svež vazduh. Pozvati lekara. Ako se dođe u kontakt sa supstancom bilo preko kože ili gutanja obavezno ispati sa velikom količinom vode. U slučaju požara moguće stvaranje opasnih zapaljivih gasova ili isparenja. Na sobnim temperaturama stvara eksplozivnu mešavinu s vazduhom.','Čuvati posudu dobro zatvorenu na suvom mestu sa dobrom ventilacijom. Čuvati odvojeno  od toplote i izvora paljenja. Čuvati pod ključem ili na mestu dostupnom samo stručnim ili  ovlašćenim licima.'),(49,126,'Beli fini prah','Korozivno za metale. Veoma toksično po vodenu životnu sredinu.','Sprečiti da proizvod uđe u kanalizaciju. Posle udisanja: svež vazduh. Ako se dođe u kontakt sa supstancom bilo preko kože ili gutanja obavezno ispati sa velikom količinom vode. Požar može izazvati oslobađanje opasnih isparenja.','Ne koristiti metalne kontejnere. Hermetički zatvoreno. Suvo. Rukujte sa i čuvajte pod inertnim gasom. Osetljivo na svetlost. Osetljivo na vlagu.'),(50,127,'Bela kristalna supstanca','Može da pospeši požar; oksidujuće  sredstvo. Korozvno za metale. Korozija kože, Teško oštećenje oka, Toksičnost po reprodukciju. Veoma toksično po vodenu životnu sredinu.','Sprečiti da proizvod uđe u kanalizaciju. Ima zapaljivo dejstvo usled oslobađanja kiseonika. Posle udisanja: svež vazduh. Pozvati lekara. Ako se dođe u kontakt sa supstancom bilo preko kože ili gutanja obavezno ispati sa velikom količinom vode. Ima zapaljivo dejstvo usled oslobađanja kiseonika. Požar može izazvati oslobađanje opasnih isparenja.','Ne koristiti metalne kontejnere. Hermetički zatvoreno. Čuvati pod ključem ili na mestu dostupnom samo stručnim ili  ovlašćenim licima. Čuvati odvojeno od gorivih supstanci. Osetljivo na svetlost.'),(51,129,'Beli fini prah','Ne smatra se opasnom ili toksičnom supstancom, niti sadrži bilo kakve primese tog tipa.','Sprečiti da proizvod uđe u kanalizaciju. Ako se dođe u kontakt sa supstancom bilo preko kože ili gutanja obavezno ispati sa velikom količinom vode.','Čuvati posudu dobro zatvorenu na suvom mestu sa dobrom ventilacijom. Čuvati na  hladnom mestu. higroskopno.'),(52,131,'Beli fini prah','Supstanca koja u kontaktu sa vodom oslobađa zapaljive gasove. Iritacija kože, oka.','Sprečiti da proizvod uđe u kanalizaciju. Opasnost od eksplozije. Zapaljivo. Ne sme da dođe u kontakt sa  vodom. U slučaju požara moguće stvaranje opasnih zapaljivih gasova ili isparenja.Posle udisanja: svež vazduh. Ako se dođe u kontakt sa supstancom bilo preko kože ili gutanja obavezno ispati sa velikom količinom vode.','Hermetički zatvoreno. Čuvati odvojeno od toplote i izvora paljenja. Nikada dozvoliti da proizvod dođe u kontakt sa vodom tokom skladištenja.'),(54,133,'Bezbojna tečnost','Zapaljiva tečnost. Akutna toksičnost, Oralno, Udisanje, Preko kože. Iritacija oka.','Sprečiti da proizvod uđe u kanalizaciju. Opasnost od eksplozije. Posle udisanja: svež vazduh. Ako disanje prestane: disanje usta na usta il pozovite lekara. Zapaljivo. Vatra može izazvati stvaranje drugih jedinjenja vodonika : oksidi vodonika, vodonik-cijanid (cijanovodonična kiselina). U slučaju požara moguće stvaranje opasnih zapaljivih gasova ili isparenja. Na sobnim temperaturama stvara eksplozivnu smešu s vazduhom.','Čuvati posudu dobro zatvorenu na suvom mestu sa dobrom ventilacijom. Čuvati odvojeno  od toplote i izvora paljenja.'),(55,134,'Bezbojna tečnost','Zapaljiva tečnost. Iritacija oka. Specifična toksičnost za ciljni organ – jednokratna izloženost, Respiratornog  sistema,','Sprečiti da proizvod uđe u kanalizaciju. Opasnost od eksplozije. Zapaljivo. U slučaju požara moguće stvaranje opasnih zapaljivih gasova ili isparenj a. Na sobnim temperaturama stvara eksplozivnu mešavinu s vazduhom. Posle udisanja: svež vazduh. Pozvati lekara. Ako se dođe u kontakt sa supstancom bilo preko kože ili gutanja obavezno ispati sa velikom količinom vode.','Čuvati posudu dobro zatvorenu na suvom mestu sa dobrom ventilacijom. Čuvati odvojeno  od toplote i izvora paljenja.'),(56,135,'Bela kristalna supstanca','Ne smatra se opasnom ili toksičnom supstancom, niti sadrži bilo kakve primese tog tipa.','Sprečiti da proizvod uđe u kanalizaciju.Opasnost od eksplozije prašine.Ako se dođe u kontakt sa supstancom bilo preko kože ili gutanja obavezno ispati sa velikom količinom vode.','Hermetički zatvoreno. Suvo.'),(57,136,'Bezbojna tečnost','Akutna toksičnost oralno,udisanje. Iritacija oka.','Sprečiti da proizvod uđe u kanalizaciju.Zapaljivo. Na visokoj temperaturi stvara eksplozivnu mešavinu s vazduhom. U slučaju požara moguće stvaranje opasnih zapaljivih gasova ili isparenja Ako se udiše posle udisanja: svež vazduh. Ako disanje prestane: disanje usta na usta il pozovite lekara. Ako se dođe u kontakt sa supstancom bilo preko kože ili gutanja obavezno ispati sa velikom količinom vode.','Hermetički zatvoreno. Rukujte sa i čuvajte pod inertnim gasom. higroskopno.'),(58,137,'Bela kristalna supstanca','Organski peroksid, zagrevanje pospešuje požar. Iritacija oka. Alergijske reakcije na koži. Veoma toksično po vodenu životnu sredinu.','Sprečiti da proizvod uđe u kanalizaciju. Posle udisanja: svež vazduh. Ima zapaljivo dejstvo usled oslobađanja kiseonika. Sprečiti udarce i trenje. U slučaju razgradnje: opasnost od eksplozije! Tokom zagrevanja moguća pojava zapaljivog razlaganja. U slučaju požara moguće stvaranje opasnih zapaljivih gasova ili isparenja.','Čvrsto zatvoreno i podalje od izvora paljenja i toplote. Poštujte državn e propise. Preporučena temperatura skladištenja, pogledajte etiketu proizvoda.'),(59,138,'Bezbojna tečnost','Zapaljiva tečnost. Akutna toksičnost, oralno. Teško oštećenje oka. Iritacija kože. Specifična toksičnost za ciljni organ – jednokratna izloženost, Centralni  nervni i respiratorni sistem.','Sprečiti da proizvod uđe u kanalizaciju. Opasnost od eksplozije. Posle udisanja: svež vazduh. Pozvati lekara. Moguće je paljenje na velikoj udaljenosti sa povratnim dejstvom. Na povišenim temperaturama stvara eksplozivne mešavine s vazduhom. U slučaju požara moguće stvaranje opasnih zapaljivih gasova ili isparenja','Čuvati posudu dobro zatvorenu na suvom mestu sa dobrom ventilacijom. Čuvati odvojeno  od toplote i izvora paljenja. Rukujte sa i čuvajte pod inertnim gasom. higroskopno.'),(60,139,'Bela kristalna supstanca','Ne smatra se opasnom ili toksičnom supstancom, niti sadrži bilo kakve primese tog tipa.','U slučaju udisanja izmestiti lice na svež vazduh. Ako povređeno lice ne diše, primeniti  veštačko disanje. Ako se dođe u kontakt sa supstancom bilo preko kože ili gutanja obavezno ispati sa velikom količinom vode.','Čuvati na hladnom mestu. Čuvati posudu dobro zatvorenu na suvom mestu sa dobrom  ventilacijom.'),(61,140,'Bezbojna tečnost','Veoma lako zapaljiva tečnost. Akutna toksičnost, oralno, udisanje. Iritacija kože. Karcinogenost. Specifična toksičnost za ciljni  organ – višekratna izloženost. Opasnost po vodenu životnu sredinu, hronično.','Sprečiti da proizvod uđe u kanalizaciju.U slučaju udisanja izmestiti lice na svež vazduh. Ako se dođe u kontakt sa supstancom bilo preko kože ili gutanja obavezno ispati sa velikom količinom vode. U slučaju požara moguće stvaranje opasnih zapaljivih gasova ili isparenja.','Preporučena temperatura skladištenja 2 - 8 °C. Osetljivo na svetlost. Čuvajte pod inertnim gasom. Osetljivost na vazduh. Rashladiti pre  otvaranja. Vremenom, pritisak može da prouzrokuje paljenje kontejnera Pažljivo rukovati i  pažljivo otvarati ambalažu.'),(62,141,'Beli fini prah','Akutna toksičnost, Teško oštećenje oka. Može da izazove alergijske reakcije na koži. Karcinogenost. Veoma toksično po živi svet u vodi.','Sprečiti da proizvod uđe u kanalizaciju.Posle udisanja: svež vazduh. Pozvati lekara. Ako se dođe u kontakt sa supstancom bilo preko kože ili gutanja obavezno ispati sa velikom količinom vode. Na visokoj temperaturi stvara eksplozivnu mešavinu s vazduhom. U slučaju požara moguće stvaranje opasnih zapaljivih gasova ili isparenja.','Hermetički zatvoreno. Suvo. Osetljivost na vazduh i svetlost.'),(63,142,'Beli fini prah','Ne smatra se opasnom ili toksičnom supstancom, niti sadrži bilo kakve primese tog tipa.','Sprečiti da proizvod uđe u kanalizaciju. Posle udisanja: svež vazduh. Ako se dođe u kontakt sa supstancom bilo preko kože ili gutanja obavezno ispati sa velikom količinom vode. Nepoznata priroda proizvoda raspada. Zapaljivo. Opasnost od eksplozije prašine. U slučaju požara moguće stvaranje opasnih zapaljivih gasova ili isparenja.','Hermetički zatvoreno. Suvo.'),(64,143,'Bela kristalna supstanca','Akutna toksičnost, Oralno. Teško oštećenje oka. Iritacija kože. Senzibilizacija kože. Specifična toksičnost za ciljni organ – jednokratna izloženost, Oralno ,  Centralni nervni i respiratorni sistem, krv. Veoma toksično po živi svet u vodi.','Sprečiti da proizvod uđe u kanalizaciju. Posle udisanja: svež vazduh. Pozvati lekara. Ako se dođe u kontakt sa supstancom bilo preko kože ili gutanja obavezno ispati sa velikom količinom vode. Zapaljivo. Na visokoj temperaturi stvara eksplozivnu mešavinu s vazduhom. U slučaju požara moguće stvaranje opasnih zapaljivih gasova ili isparenja.','Hermetički zatvoreno. Suvo. Čuvati na mestu sa dobrom ventilacijom. Čuvati pod ključem  ili na mestu dostupnom samo stručnim ili ovlašćenim licima. Osetljivost na vazduh i svetlost.'),(65,144,'Bela kristalna supstanca','Ne smatra se opasnom ili toksičnom supstancom, niti sadrži bilo kakve primese tog tipa.','Sprečiti da proizvod uđe u kanalizaciju.Posle udisanja: svež vazduh. Ako se dođe u kontakt sa supstancom bilo preko kože ili gutanja obavezno ispati sa velikom količinom vode. Požar može izazvati oslobađanje opasnih isparenja.','Hermetički zatvoreno. Suvo.'),(66,145,'Žuti fini prah','Iritacija kože.','Sprečiti da proizvod uđe u kanalizaciju.Posle udisanja: svež vazduh. Ako se dođe u kontakt sa supstancom bilo preko kože ili gutanja obavezno ispati sa velikom količinom vode. Zapaljivo. U slučaju požara moguće stvaranje opasnih zapaljivih gasova ili isparenja.','Hermetički zatvoreno. Čuvati odvojeno od toplote i izvora paljenja.'),(67,146,'Bezbojna tečnost','Zapaljiva tečnost. Korozivno za metale. Akutna toksičnost, oralno, udisanje, preko kože. Korozija kože.','Sprečiti da proizvod uđe u kanalizaciju. Opasnost od eksplozije. Posle udisanja: svež vazduh. Odmah pozovite lekara. Ako disanje prestane: odmah  primenite veštačko disanje, ako je potrebno dajte kiseonik. Ako se dođe u kontakt sa supstancom bilo preko kože ili gutanja obavezno ispati sa velikom količinom vode. Zapaljivo. Povesti računa o zaštiti od paljenja na udaljenosti sa povratnim dejstvom. U slučaju požara moguće stvaranje opasnih zapaljivih gasova ili isparenj a. Na sobnim temperaturama stvara eksplozivnu mešavinu s vazduhom.','Ne koristiti metalne kontejnere. Čuvati posudu dobro zatvorenu na suvom mestu sa dobrom ventilacijom. Čuvati odvojeno  od toplote i izvora paljenja. Čuvati pod ključem ili na mestu dostupnom samo stručnim ili  ovlašćenim licima.'),(68,147,'Beli fini prah','Ne smatra se opasnom ili toksičnom supstancom, niti sadrži bilo kakve primese tog tipa.','Sprečiti da proizvod uđe u kanalizaciju. Posle udisanja: svež vazduh. Ako se dođe u kontakt sa supstancom bilo preko kože ili gutanja obavezno ispati sa velikom količinom vode. Požar može izazvati oslobađanje opasnih isparenja.','Hermetički zatvoreno. Suvo. Čuvajte pod inertnim gasom. Higroskopno.'),(69,148,'Beli fini prah','Ne smatra se opasnom ili toksičnom supstancom, niti sadrži bilo kakve primese tog tipa.','U slučaju udisanja izmestiti lice na svež vazduh. Ako povređeno lice ne diše, primeniti  veštačko disanje. Ako se dođe u kontakt sa supstancom bilo preko kože ili gutanja obavezno ispati sa velikom količinom vode.','Čuvati na hladnom mestu. Čuvati posudu dobro zatvorenu na suvom mestu sa dobrom  ventilacijom. Čuvajte pod inertnim gasom. jako higroskopno'),(71,150,'Tamno-siva kristalna supstanca','Akutna toksičnost, Oralno, Udisanje, Preko kože. Iritacija kože, oka. Specifična toksičnost za ciljni organ – jednokratna izloženost respiratornog sistema, štitna žlezda. Veoma toksično po živi svet u vodi.','Sprečiti da proizvod uđe u kanalizaciju. Posle udisanja: svež vazduh. Pozvati lekara. Ako se dođe u kontakt sa supstancom bilo preko kože ili gutanja obavezno ispati sa velikom količinom vode. Požar može izazvati oslobađanje opasnih isparenja','Hermetički zatvoreno. Suvo. Čuvati na mestu sa dobrom ventilacijom. Čuvati pod ključem ili na mestu dostupnom samo stručnim ili ovlašćenim licima. Rukujte sa i čuvajte pod inertnim gasom. Higroskopno.'),(72,151,'Beli fini prah','Ne smatra se opasnom ili toksičnom supstancom, niti sadrži bilo kakve primese tog tipa.','Sprečiti da proizvod uđe u kanalizaciju. Posle udisanja: svež vazduh. Ako se dođe u kontakt sa supstancom bilo preko kože ili gutanja obavezno ispati sa velikom količinom vode. Požar može izazvati oslobađanje opasnih isparenja','Hermetički zatvoreno. Suvo. Rukujte sa i čuvajte pod inertnim gasom.'),(73,152,'Beli fini prah','Ne smatra se opasnom ili toksičnom supstancom, niti sadrži bilo kakve primese tog tipa.','Sprečiti da proizvod uđe u kanalizaciju. Posle udisanja: svež vazduh. Ako se dođe u kontakt sa supstancom bilo preko kože ili gutanja obavezno ispati sa velikom količinom vode. Požar može izazvati oslobađanje opasnih isparenja.','Hermetički zatvoreno. Suvo. Osetljivost na vazduh i vlagu.'),(74,153,'Beli fini prah','Ne smatra se opasnom ili toksičnom supstancom, niti sadrži bilo kakve primese tog tipa.','Sprečiti da proizvod uđe u kanalizaciju.Posle udisanja: svež vazduh.Ako se dođe u kontakt sa supstancom bilo preko kože ili gutanja obavezno ispati sa velikom količinom vode.','Čuvati na hladnom mestu. Čuvati posudu dobro zatvorenu na suvom mestu sa dobrom  ventilacijom.'),(75,154,'Bezbojna tečnost','Akutna toksičnost, oralno, udisanje, preko kože. Korozija kože. Teško oštećenje oka.','Ako se dođe u kontakt sa supstancom bilo preko kože ili gutanja obavezno ispati sa velikom količinom vode.Opekotine hidrofluorične kiseline  (HF) zahtevaju trenutnu i specifičnu prvu pomoć i lečenje. Simptomi mogu biti odloženi i do  24 sata u zavisnosti od koncentracije HF. Nakon dekontaminacije sa vodom, dalja oštećenja  mogu nastati zbog penetracije/apsorpcije.','Ne skladištiti u staklu.'),(76,155,'Crni fini prah','Ne smatra se opasnom ili toksičnom supstancom, niti sadrži bilo kakve primese tog tipa.','U slučaju udisanja izmestiti lice na svež vazduh. Ako povređeno lice ne diše, primeniti  veštačko disanje. Ako se dođe u kontakt sa supstancom bilo preko kože ili gutanja obavezno ispati sa velikom količinom vode. Zapaljivo.','Čuvati posudu dobro zatvorenu na suvom mestu sa dobrom ventilacijom. Čuvati na  hladnom mestu.'),(77,156,'Beli fini prah','Akutna toksičnost, Oralno. Karcinogenost. Toksičnost po reprodukciju. Opasnost po vodenu životnu sredinu, hronična.','Sprečiti da proizvod uđe u kanalizaciju.Posle udisanja: svež vazduh. Pozvati lekara. Ako se dođe u kontakt sa supstancom bilo preko kože ili gutanja obavezno ispati sa velikom količinom vode. Zapaljivo. U slučaju požara moguće stvaranje opasnih zapaljivih gasova ili isparenja.','Hermetički zatvoreno. Suvo. Rukujte sa i čuvajte pod inertnim gasom.'),(78,157,'Tamno-braon tečnost','Akutna toksičnost, Udisanje. Korozija kože. Teško oštećenje oka. Veoma toksično po živi svet u vodi.','Sprečiti da proizvod uđe u kanalizaciju. Posle udisanja: svež vazduh. Odmah pozovite lekara. Ako disanje prestane: odmah  primenite veštačko disanje, ako je potrebno dajte kiseonik. Ako se dođe u kontakt sa supstancom bilo preko kože ili gutanja obavezno ispati sa velikom količinom vode. Požar može izazvati oslobađanje opasnih isparenja.','Hermetički zatvoreno. Čuvati na mestu sa dobrom ventilacijom. Čuvati pod ključem ili na  mestu dostupnom samo stručnim ili ovlašćenim licima. Nemojte skladištiti u polietilenskim kontejnerima. Pažljivo rukovati i pažljivo otvarati  ambalažu.'),(79,158,'Bistra bezbojna tečnost','Oksiduje tečnosti. Korozivno za metale. Akutna toksičnost, oralno, udisanje. Korozija kože. Teško oštećenje oka.','Sprečiti da proizvod uđe u kanalizaciju.Posle udisanja: svež vazduh. Odmah pozovite lekara. Ako disanje prestane: odmah  primenite veštačko disanje, ako je potrebno dajte kiseonik. Ako se dođe u kontakt sa supstancom bilo preko kože ili gutanja obavezno ispati sa velikom količinom vode. Ima zapaljivo dejstvo usled oslobađanja kiseonika. Požar može izazvati oslobađanje opasnih isparenja.','Ne koristiti metalne kontejnere. Hermetički zatvoreno. Čuvati pod ključem ili na mestu dostupnom samo stručnim ili  ovlašćenim licima. Čuvati odvojeno od gorivih supstanci.'),(80,159,'Bezbojna tečnost','Korozivno za metale. Akutna toksičnost, Oralno. Korozija kože. Teško oštećenje oka.','Sprečiti da proizvod uđe u kanalizaciju.Posle udisanja: svež vazduh. Ako se dođe u kontakt sa supstancom bilo preko kože ili gutanja obavezno ispati sa velikom količinom vode.. Pozvati lekara. Požar može izazvati oslobađanje opasnih isparenja','Ne koristiti metalne kontejnere. Hermetički zatvoreno.'),(81,160,'Bistra bezbojna tečnost','Korozivno za metale. Korozija kože. Teško oštećenje oka. Specifična toksičnost za ciljni organ – jednokratna izloženost, Respiratornog  sistema','Sprečiti da proizvod uđe u kanalizaciju. Posle udisanja: svež vazduh. Pozvati lekara. Ako se dođe u kontakt sa supstancom bilo preko kože ili gutanja obavezno ispati sa velikom količinom vode.','Ne koristiti metalne kontejnere. Hermetički zatvoreno.'),(82,161,'Bezbojna viskozna tečnost','Korozivno za metale. Korozija kože. Teško oštećenje oka.','Sprečiti da proizvod uđe u kanalizaciju. Posle udisanja: svež vazduh. Pozvati lekara. Ako se dođe u kontakt sa supstancom bilo preko kože ili gutanja obavezno ispati sa velikom količinom vode. Požar može izazvati oslobađanje opasnih isparenja.','Ne koristiti metalne kontejnere. Hermetički zatvoreno.'),(83,162,'Bezbojna bistra tečnost','Teško oštećenje oka. Opasnost po vodenu životnu sredinu, hronična.','Ne ispuštati u kanalizaciju. Posle udisanja: svež vazduh. Ako se dođe u kontakt sa supstancom bilo preko kože ili gutanja obavezno ispati sa velikom količinom vode. Nepoznata priroda proizvoda raspada. Požar može izazvati oslobađanje opasnih isparenja. Ima zapaljivo dejstvo usled oslobađanja kiseonika.','Ne koristiti metalne kontejnere. Kontejnere zatvorite na takav način da obezbedite otvor pri  unutrašnjem pritisku (npr. ventil za odvod viška pritiska). Hermetički zatvoreno. Zaštićeno od svetla. Čuvati odvojeno od gorivih supstanci.'),(84,163,'Bezbojna tečnost','Zapaljiva tečnost. Iritacija kože, oka. Karcinogenost. Specifična toksičnost za ciljni organ – višekratna izloženost, krv. Opasnost od udisanja. Opasnost po vodenu životnu sredinu, hronična.','Sprečiti da proizvod uđe u kanalizaciju. Opasnost od eksplozije.Posle udisanja: svež vazduh. Pozvati lekara. Ako se dođe u kontakt sa supstancom bilo preko kože ili gutanja obavezno ispati sa velikom količinom vode.','Čuvati posudu dobro zatvorenu na suvom mestu sa dobrom ventilacijom. Čuvati odvojeno  od toplote i izvora paljenja. Čuvati pod ključem ili na mestu dostupnom samo stručnim ili  ovlašćenim licima.'),(85,164,'Bela kristalna supstanca','Iritacija kože. Teško oštećenje oka. Specifična toksičnost za ciljni organ – višekratna izloženost, Udisanje, Pluća.','Sprečiti da proizvod uđe u kanalizaciju.Posle udisanja: svež vazduh. Pozvati lekara. Ako se dođe u kontakt sa supstancom bilo preko kože ili gutanja obavezno ispati sa velikom količinom vode.','Hermetički zatvoreno. Suvo. Čuvati na mestu sa dobrom ventilacijom. Čuvati pod ključem  ili na mestu dostupnom samo stručnim ili ovlašćenim licima.'),(86,190,'Bezbojna tečnost','Zapaljiva tečnost. Akutna toksičnost, Oralno. Specifična toksičnost za ciljni organ – jednokratna izloženost, Respiratornog sistema. Opasnost po vodenu životnu sredinu, hronična.','Sprečiti da proizvod uđe u kanalizaciju. Opasnost od eksplozije. Posle udisanja: svež vazduh. Pozvati lekara. Ako se dođe u kontakt sa supstancom bilo preko kože ili gutanja obavezno ispati sa velikom količinom vode.','Čuvati posudu dobro zatvorenu na suvom mestu sa dobrom ventilacijom. Čuvati odvojeno  od toplote i izvora paljenja. Osetljivo na svetlost. Osetljivost na toplotu. Osetljivost na vazduh. Testiranje stvaranja  peroksida periodično i pre destilacije.'),(87,191,'Bistra bezbojna tečnost','Zapaljiva tečnost. Akutna toksičnost, udisanje, preko kože. Iritacija oka. Toksičnost po reprodukciju.','Posle udisanja: svež vazduh. Odmah pozovite lekara. Ako disanje prestane: odmah  primenite veštačko disanje, ako je potrebno dajte kiseonik. Ako se dođe u kontakt sa supstancom bilo preko kože ili gutanja obavezno ispati sa velikom količinom vode. Zapaljivo. Na povišenim temperaturama stvara eksplozivne mešavine s vazduhom. U slučaju požara moguće stvaranje opasnih zapaljivih gasova ili isparenja.','Čuvati posudu dobro zatvorenu na suvom mestu sa dobrom ventilacijom. Čuvati odvojeno  od toplote i izvora paljenja. Čuvati pod ključem ili na mestu dostupnom samo stručnim ili  ovlašćenim licima. Rukujte sa i čuvajte pod inertnim gasom.'),(88,192,'Bezbojna tečnost','Ne smatra se opasnom ili toksičnom supstancom, niti sadrži bilo kakve primese tog tipa.','Sprečiti da proizvod uđe u kanalizacijuPosle udisanja: svež vazduh. Ako se dođe u kontakt sa supstancom bilo preko kože ili gutanja obavezno ispati sa velikom količinom vode. Zapaljivo. Na visokoj temperaturi stvara eksplozivnu mešavinu s vazduhom. U slučaju požara moguće stvaranje opasnih zapaljivih gasova ili isparenja.','Hermetički zatvoreno. Čuvajte pod inertnim gasom. higroskopno'),(89,193,'Bezbojna tečnost','Zapaljiva tečnost. Iritacija oka.','Sprečiti da proizvod uđe u kanalizaciju. Opasnost od eksplozije. Posle udisanja: svež vazduh. Ako se dođe u kontakt sa supstancom bilo preko kože ili gutanja obavezno ispati sa velikom količinom vode. Zapaljivo. U slučaju požara moguće stvaranje opasnih zapaljivih gasova ili isparenj a. Na sobnim temperaturama stvara eksplozivnu mešavinu s vazduhom.','Čuvati posudu dobro zatvorenu na suvom mestu sa dobrom ventilacijom. Čuvati odvojeno  od toplote i izvora paljenja. Preporučena temperatura skladištenja, pogledajte etiketu proizvoda.'),(90,194,'Bezbojna bistra tečnost','Akutna toksičnost, Oralno, udisnaje, preko kože. Korozija kože. Teško oštećenje oka. Specifična toksičnost za ciljni organ – jednokratna izloženost, Respiratornog sistema. Opasnost po vodenu životnu sredinu, hronična.','Sprečiti da proizvod uđe u kanalizaciju. Posle udisanja: svež vazduh. Odmah pozovite lekara. Ako disanje prestane: odmah  primenite veštačko disanje, ako je potrebno dajte kiseonik. Ako se dođe u kontakt sa supstancom bilo preko kože ili gutanja obavezno ispati sa velikom količinom vode. Zapaljivo. Na visokoj temperaturi stvara eksplozivnu mešavinu s vazduhom. U slučaju požara moguće stvaranje opasnih zapaljivih gasova ili isparenja.','Hermetički zatvoreno. higroskopno.'),(91,195,'Beli fini prah','Iritacija oka.','Sprečiti da proizvod uđe u kanalizaciju. Posle udisanja: svež vazduh. Ako se dođe u kontakt sa supstancom bilo preko kože ili gutanja obavezno ispati sa velikom količinom vode. Zapaljivo. U slučaju požara moguće stvaranje opasnih zapaljivih gasova ili isparenja.','Hermetički zatvoreno. Suvo.'),(92,196,'Bela kristalna supstanca','Akutna toksičnost, Oralno, udisanje, preko kože. Korozija kože. Teško oštećenje oka. Mutagenost germinativnih ćelija. Specifična toksičnost za ciljni organ – višekratna izloženost,  Nervni sistem,  Bubrezi, Jetra, Koža, Opasnost po vodenu životnu sredinu, hronična.','Sprečiti da proizvod uđe u kanalizaciju. Posle udisanja: svež vazduh. Odmah pozovite lekara. Ako disanje prestane: odmah  primenite veštačko disanje, ako je potrebno dajte kiseonik. Ako se dođe u kontakt sa supstancom bilo preko kože ili gutanja obavezno ispati sa velikom količinom vode. Zapaljivo. Na visokoj temperaturi stvara eksplozivnu mešavinu s vazduhom. U slučaju požara moguće stvaranje opasnih zapaljivih gasova ili isparenja.','Hermetički zatvoreno. Suvo. Čuvati na mestu sa dobrom ventilacijom. Čuvati pod ključem  ili na mestu dostupnom samo stručnim ili ovlašćenim licima. Rukujte sa i čuvajte pod inertnim gasom. Osetljivo na svetlost.'),(93,197,'Beli fini prah','Iritacija kože. Karcinogenost. Toksičnost po reprodukciju.','Sprečiti da proizvod uđe u kanalizaciju. Posle udisanja: svež vazduh. Pozvati lekara. Ako se dođe u kontakt sa supstancom bilo preko kože ili gutanja obavezno ispati sa velikom količinom vode. Požar može izazvati oslobađanje opasnih isparenja.','Hermetički zatvoreno. Suvo. Čuvati na mestu sa dobrom ventilacijom. Čuvati pod ključem  ili na mestu dostupnom samo stručnim ili ovlašćenim licima.'),(94,198,'Bezbojna tečnost','Zapaljive tečnost, Akutna toksičnost, oralno, udisanje, preko kože. Korozija kože. Teško oštećenje oka. Karcinogenost. Specifična toksičnost za ciljni  organ – jednokratna izloženost, Centralni  nervni i respiratorni sistem.','Sprečiti da proizvod uđe u kanalizaciju. Opasnost od eksplozije. Posle udisanja: svež vazduh. Odmah pozovite lekara. Ako disanje prestane: odmah  primenite veštačko disanje, ako je potrebno dajte kiseonik. Ako se dođe u kontakt sa supstancom bilo preko kože ili gutanja obavezno ispati sa velikom količinom vode. Na povišenim temperaturama stvara eksplozivne mešavine s vazduhom. U slučaju požara moguće stvaranje opasnih zapaljivih gasova ili isparenja.','Čuvati posudu dobro zatvorenu na suvom mestu sa dobrom ventilacijom. Čuvati odvojeno  od toplote i izvora paljenja. Čuvati pod ključem ili na mestu dostupnom samo stručnim ili  ovlašćenim licima.'),(95,199,'Bezbojna tečnost','Zapaljive tečnost, Akutna toksičnost, oralno, udisanje, preko kože. Korozija kože. Teško oštećenje oka. Karcinogenost. Specifična toksičnost za ciljni  organ – jednokratna izloženost, Centralni  nervni i respiratorni sistem.','Sprečiti da proizvod uđe u kanalizaciju. Opasnost od eksplozije. Posle udisanja: svež vazduh. Odmah pozovite lekara. Ako disanje prestane: odmah  primenite veštačko disanje, ako je potrebno dajte kiseonik. Ako se dođe u kontakt sa supstancom bilo preko kože ili gutanja obavezno ispati sa velikom količinom vode. Na povišenim temperaturama stvara eksplozivne mešavine s vazduhom. U slučaju požara moguće stvaranje opasnih zapaljivih gasova ili isparenja.','Čuvati posudu dobro zatvorenu na suvom mestu sa dobrom ventilacijom. Čuvati odvojeno  od toplote i izvora paljenja. Čuvati pod ključem ili na mestu dostupnom samo stručnim ili  ovlašćenim licima.'),(96,200,'Bezbojna viskozna tečnost','Ne smatra se opasnom ili toksičnom supstancom, niti sadrži bilo kakve primese tog tipa.','Sprečiti da proizvod uđe u kanalizaciju. Posle udisanja: svež vazduh. Ako se dođe u kontakt sa supstancom bilo preko kože ili gutanja obavezno ispati sa velikom količinom vode. Zapaljivo. Na visokoj temperaturi stvara eksplozivnu mešavinu s vazduhom. U slučaju požara moguće stvaranje opasnih zapaljivih gasova ili isparenja.','Hermetički zatvoreno. higroskopno'),(97,201,'Bela kristalna supstanca','Ne smatra se opasnom ili toksičnom supstancom, niti sadrži bilo kakve primese tog tipa.','U slučaju udisanja izmestiti lice na svež vazduh. Ako povređeno lice ne diše, primeniti  veštačko disanje.Ako se dođe u kontakt sa supstancom bilo preko kože ili gutanja obavezno ispati sa velikom količinom vode.','Čuvati posudu dobro zatvorenu na suvom mestu sa dobrom ventilacijom. Čuvati na  hladnom mestu.'),(98,202,'Bezbojna tečnost','Zapaljiva tečnost. Iritacija kože. Toksičnost po reprodukciju. Specifična toksičnost za ciljni organ – jednokratna izloženost,  Centralni nervni  sistem. Opasnost od udisanja.  Opasnost po vodenu životnu  sredinu, hronična','Sprečiti da proizvod uđe u kanalizaciju. Opasnost od eksplozije.Posle udisanja: svež vazduh. Pozvati lekara. Ako se dođe u kontakt sa supstancom bilo preko kože ili gutanja obavezno ispati sa velikom količinom vode. Zapaljivo. U slučaju požara moguće stvaranje opasnih zapaljivih gasova ili isparenj a. Na sobnim temperaturama stvara eksplozivnu mešavinu s vazduhom.','Čuvati posudu dobro zatvorenu na suvom mestu sa dobrom ventilacijom. Čuvati odvojeno  od toplote i izvora paljenja.'),(99,203,'Bela kristalna supstanca','Iritacija oka. Specifična toksičnost za ciljni organ – jednokratna izloženost, respiratornog sistema','Sprečiti da proizvod uđe u kanalizaciju. Posle udisanja: svež vazduh. Ako se dođe u kontakt sa supstancom bilo preko kože ili gutanja obavezno ispati sa velikom količinom vode. Zapaljivo. Opasnost od eksplozije prašine. U slučaju požara moguće stvaranje opasnih zapaljivih gasova ili isparenja.','Hermetički zatvoreno. Suvo. Preporučena temperatura skladištenja 15 - 25 °C Osetljivo na vlagu.'),(100,204,'Bezbojna tečnost','Zapaljiva tečnost. Akutna toksičnost, oralno, udisanje , preko kože. Specifična toksičnost za ciljni  organ – jednokratna izloženost, centralni nervni sistem.','Sprečiti da proizvod uđe u kanalizaciju. Posle udisanja: svež vazduh. Ako se dođe u kontakt sa supstancom bilo preko kože ili gutanja obavezno ispati sa velikom količinom vode. Zapaljivo. U slučaju požara moguće stvaranje opasnih zapaljivih gasova ili isparenja.','Hermetički zatvoreno. Suvo. Čuvati odvojeno od otvorenog plamena, vrućih površina i izvora paljenja.'),(101,205,'Bledo žuta tečnost','Akutna toksičnost, Oralno, udisanje, preko kože. Karcinogenost. Toskičnost po reprodukciju. Specifična toksičnost za ciljni organ – višekratna izloženost, Udisanje, krv. Opasnost po vodenu životnu sredinu, hronična.','Sprečiti da proizvod uđe u kanalizaciju. Posle udisanja: svež vazduh. Odmah pozovite lekara. Ako disanje prestane: odmah  primenite veštačko disanje, ako je potrebno dajte kiseonik. Ako se dođe u kontakt sa supstancom bilo preko kože ili gutanja obavezno ispati sa velikom količinom vode. Zapaljivo. Na visokoj temperaturi stvara eksplozivnu mešavinu s vazduhom. U slučaju požara moguće stvaranje opasnih zapaljivih gasova ili isparenja.','Hermetički zatvoreno. Čuvati na mestu sa dobrom ventilacijom. Čuvati pod ključem ili na  mestu dostupnom samo stručnim ili ovlašćenim licima.'),(102,206,'Bela pamučna supstanca','Zapaljiva čvrsta supstanca.','Ako je bezbedno, sprečiti dalje curenje i isticanje. Sprečiti da proizvod uđe u kanalizaciju.U slučaju udisanja izmestiti lice na svež vazduh. Ako povređeno lice ne diše, primeniti  veštačko disanje. Konsultovati lekara. U slučaju dodira sa kožom Isprati sapunom i sa puno vode. Konsultovati lekara.','Čuvati na hladnom mestu. Čuvati posudu dobro zatvorenu na suvom mestu sa dobrom  ventilacijom.'),(103,207,'Bezbojna tečnost','Zapaljiva tečnost. Akutna toksičnost, Oralno, udisanje, preko kože. Iritacija kože i oka.','Sprečiti da proizvod uđe u kanalizaciju. Opasnost od eksplozije. Posle udisanja: svež vazduh. Ako disanje prestane: disanje usta na usta il pozovite lekara. Ako se dođe u kontakt sa supstancom bilo preko kože ili gutanja obavezno ispati sa velikom količinom vode. Zapaljivo. U slučaju požara moguće stvaranje opasnih zapaljivih gasova ili isparenj a. Na sobnim temperaturama stvara eksplozivnu mešavinu s vazduhom.','Čuvati posudu dobro zatvorenu na suvom mestu sa dobrom ventilacijom. Čuvati odvojeno  od toplote i izvora paljenja. Rukujte sa i čuvajte pod inertnim gasom.'),(104,208,'Bela kristalna supstanca','Akutna toksičnost, Oralno. Teško oštećenje oka. Toksičnost po reprodukciju.','Sprečiti da proizvod uđe u kanalizaciju. Posle udisanja: svež vazduh. Pozvati lekara. Ako se dođe u kontakt sa supstancom bilo preko kože ili gutanja obavezno ispati sa velikom količinom vode. Zapaljivo. Na visokoj temperaturi stvara eksplozivnu mešavinu s vazduhom. U slučaju požara moguće stvaranje opasnih zapaljivih gasova ili isparenja.','Hermetički zatvoreno. Suvo. Preporučena temperatura skladištenja, pogledajte etiketu proizvoda.'),(105,209,'Bezbojna tečnost','Zapaljiva tečnost. Iritacija kože. Iritacija oka. Korozija kože. Teško oštećenje oka.','Sprečiti da proizvod uđe u kanalizaciju. Opasnost od eksplozije. Posle udisanja: svež vazduh. Pozvati lekara. Ako se dođe u kontakt sa supstancom bilo preko kože ili gutanja obavezno ispati sa velikom količinom vode. Zapaljivo. Na povišenim temperaturama stvara eksplozivne mešavine s vazduhom. U slučaju požara moguće stvaranje opasnih zapaljivih gasova ili isparenja.','Čuvati posudu dobro zatvorenu na suvom mestu sa dobrom ventilacijom. Čuvati odvojeno  od toplote i izvora paljenja. Osetljivo na vlagu.'),(106,210,'Beli fini prah','Ne smatra se opasnom ili toksičnom supstancom, niti sadrži bilo kakve primese tog tipa.','Posle udisanja: svež vazduh. Ako se dođe u kontakt sa supstancom bilo preko kože ili gutanja obavezno ispati sa velikom količinom vode. Zapaljivo. Na visokoj temperaturi stvara eksplozivnu mešavinu s vazduhom. U slučaju požara moguće stvaranje opasnih zapaljivih gasova ili isparenja.','Hermetički zatvoreno. Suvo.'),(107,211,'Bezbojna tečnost','Zapaljiva tečnost. Iritacija kože. Toksičnost po reprodukciju. Specifična toksičnost za ciljni organ – višekratna izloženost.  Centralni nervni  sistem. Opasnost od udisanja. Opasnost po vodenu životnu sredinu, hronična.','Sprečiti da proizvod uđe u kanalizaciju. Opasnost od eksplozije. Posle udisanja: svež vazduh. Pozvati lekara.  Ako se dođe u kontakt sa supstancom bilo preko kože ili gutanja obavezno ispati sa velikom količinom vode. Zapaljivo. U slučaju požara moguće stvaranje opasnih zapaljivih gasova ili isparenj a. Na sobnim temperaturama stvara eksplozivnu mešavinu s vazduhom.','Čuvati posudu dobro zatvorenu na suvom mestu sa dobrom ventilacijom. Čuvati odvojeno  od toplote i izvora paljenja. Preporučena temperatura skladištenja, pogledajte etiketu proizvoda.'),(108,212,'Bezbojna viskozna tečnost','Ne smatra se opasnom ili toksičnom supstancom, niti sadrži bilo kakve primese tog tipa.','Sprečiti da proizvod uđe u kanalizaciju. Posle udisanja: svež vazduh. Ako se dođe u kontakt sa supstancom bilo preko kože ili gutanja obavezno ispati sa velikom količinom vode. Zapaljivo. Na visokoj temperaturi stvara eksplozivnu mešavinu s vazduhom. U slučaju požara moguće stvaranje opasnih zapaljivih gasova ili isparenja.','Hermetički zatvoreno. Higroskopno.'),(109,213,'Bezbojna kristalna supstanca','Ne smatra se opasnom ili toksičnom supstancom, niti sadrži bilo kakve primese tog tipa.','Sprečiti da proizvod uđe u kanalizaciju.Posle udisanja: svež vazduh. Ako se dođe u kontakt sa supstancom bilo preko kože ili gutanja obavezno ispati sa velikom količinom vode. Zapaljivo. U slučaju požara moguće stvaranje opasnih zapaljivih gasova ili isparenja.','Hermetički zatvoreno. Suvo.'),(110,214,'Bezbojna tečnost','Akutna toksičnost, Udisanje. Korozija kože. Teško oštećenje oka. Veoma toksično po živi svet u vodi.','U slučaju udisanja izmestiti lice na svež vazduh. Ako povređeno lice ne diše, primeniti  veštačko disanje. Konsultovati lekara. Ako se dođe u kontakt sa supstancom bilo preko kože ili gutanja obavezno ispati sa velikom količinom vode. Ako je bezbedno, sprečiti dalje curenje i isticanje. Sprečiti da proizvod uđe u kanalizaciju.  Sprečiti ispuštanje u životnu sredinu.','Čuvati posudu dobro zatvorenu na suvom mestu sa dobrom ventilacijom. Čuvati na  hladnom mestu.'),(111,215,'Bezbojna kristalna supstanca','Oksiduje supstance/ smeše. Iritacija oka. Ako se dođe u kontakt sa supstancom bilo preko kože ili gutanja obavezno ispati sa velikom količinom vode.','Sprečiti da proizvod uđe u kanalizaciju. Posle udisanja: svež vazduh. Vatra može izazvati nastanak: oksidi vodonika, azotasti gasovi, Amonijak Ima zapaljivo dejstvo usled oslobađanja kiseonika. Požar može izazvati oslobađanje opasnih isparenja.','Hermetički zatvoreno. Suvo. Zaštićeno od svetla. Podalje od zapaljivih materijala i izvora  paljenja i toplote. Preporučena temperatura skladištenja, pogledajte etiketu proizvoda.'),(112,216,'Beli fini prah','Ne smatra se opasnom ili toksičnom supstancom, niti sadrži bilo kakve primese tog tipa.','Posle udisanja: svež vazduh. Ako se dođe u kontakt sa supstancom bilo preko kože ili gutanja obavezno ispati sa velikom količinom vode.','Hermetički zatvoreno. Suvo.'),(113,217,'Bela kristalna supstanca','Korozivno za metale. Korozija kože. Teško oštećenje oka.','Sprečiti da proizvod uđe u kanalizaciju. Posle udisanja: svež vazduh. Ako se dođe u kontakt sa supstancom bilo preko kože ili gutanja obavezno ispati sa velikom količinom vode. Pozvati lekara. Požar može izazvati oslobađanje opasnih isparenja.','Ne koristiti metalne kontejnere. Hermetički zatvoreno. Suvo.'),(114,218,'Bela kristalna supstanca',' Ne smatra se opasnom ili toksičnom supstancom, niti sadrži bilo kakve primese tog tipa.','Posle udisanja: svež vazduh. Ako se dođe u kontakt sa supstancom bilo preko kože ili gutanja obavezno ispati sa velikom količinom vode. Požar može izazvati oslobađanje opasnih isparenja.','Hermetički zatvoreno. Suvo. Higroskopno.'),(115,219,'Beli prah','Ne smatra se opasnom ili toksičnom supstancom, niti sadrži bilo kakve primese tog tipa.','Posle udisanja: svež vazduh. Ako se dođe u kontakt sa supstancom bilo preko kože ili gutanja obavezno ispati sa velikom količinom vode. Požar može izazvati oslobađanje opasnih isparenja.','Hermetički zatvoreno. Suvo.'),(116,132,'Bezbojna tečnost','Lako zapaljiva tečnost ili para. Iritacija oka. Pospanost ili nesvestica.','Držati dalje od toplote i drugih izvora paljenja. Uzemljen i pričvršćen kontejner i oprema za prijem. Koristiti opremu [elektro/ ventilacionu/ za osvetljenje] koja ne može da izazove eksploziju. Ako dospe u oči isprati velikom količinom vode. Dugotrajno izlaganje može izazvati sušenje ili pucanje kože.   ','Koristiti alat koji ne varniči. Držati posudu čvrsto zatvorenu.   '),(123,225,'Bela kristalna supstanca','Akutna toksičnost, udisanje, opasno za životnu sredinu, ','AKO SE PROGUTA: Hitno pozvati CENTAR ZA KONTROLU TROVANJA/ lekara, AKO DOSPE NA KOŽU: Isprati sa dosta vode. Pozvati CENTAR. Sprečiti da proizvod uđe u kanalizaciju.','Hermetički zatvoreno. Suvo. Čuvati na mestu sa dobrom ventilacijom. Čuvati pod ključem. Nemačka klasa skladištenja (TRGS 510): 6.1C: Negorive supstance koje izazivaju akutnu toksičnost'),(124,226,'Siv sjajan metal','Zapaljiva čvrsta supstanca','Držati dalje od izvora toplote.','Hermetički zatvoreno, suvo'),(125,227,'Bezbojna tečnost','Opasnost po zdravlje ','Izbegavati udisanje para supstanci.','Hermetičnki zatvoreno, čuvati u tamnim bocama');
/*!40000 ALTER TABLE `specifikacije` ENABLE KEYS */;
UNLOCK TABLES;

--
-- Table structure for table `stavke`
--

DROP TABLE IF EXISTS `stavke`;
/*!40101 SET @saved_cs_client     = @@character_set_client */;
/*!50503 SET character_set_client = utf8mb4 */;
CREATE TABLE `stavke` (
  `stv_id` int NOT NULL AUTO_INCREMENT,
  `stv_kolicina` smallint NOT NULL,
  `stv_cena` decimal(10,2) NOT NULL,
  `fk_stv_pro_id` int DEFAULT NULL,
  `fk_stv_nar_id` int DEFAULT NULL,
  `uk_stv_cena` decimal(10,2) NOT NULL,
  PRIMARY KEY (`stv_id`),
  UNIQUE KEY `stv_id_UNIQUE` (`stv_id`),
  KEY `fk_stv_pro_id_idx` (`fk_stv_pro_id`),
  KEY `fk_stv_nar_id_idx` (`fk_stv_nar_id`),
  CONSTRAINT `fk_stv_nar_id` FOREIGN KEY (`fk_stv_nar_id`) REFERENCES `narudzbenice` (`nar_id`),
  CONSTRAINT `fk_stv_pro_id` FOREIGN KEY (`fk_stv_pro_id`) REFERENCES `proizvodi` (`pro_id`)
) ENGINE=InnoDB AUTO_INCREMENT=3431 DEFAULT CHARSET=utf8mb4 COLLATE=utf8mb4_0900_ai_ci;
/*!40101 SET character_set_client = @saved_cs_client */;

--
-- Dumping data for table `stavke`
--

LOCK TABLES `stavke` WRITE;
/*!40000 ALTER TABLE `stavke` DISABLE KEYS */;
INSERT INTO `stavke` VALUES (3275,1,3000.00,1,105,3000.00),(3276,1,3000.00,1,106,3000.00),(3277,1,3000.00,1,107,3000.00),(3278,1,3000.00,1,108,3000.00),(3279,1,3000.00,1,109,3000.00),(3280,1,3000.00,1,110,3000.00),(3281,1,3000.00,1,112,3000.00),(3282,1,3000.00,1,113,3000.00),(3283,1,3000.00,1,114,3000.00),(3284,1,3000.00,1,115,3000.00),(3285,1,3000.00,1,116,3000.00),(3286,1,3000.00,1,117,3000.00),(3287,1,3000.00,1,118,3000.00),(3288,1,3000.00,1,119,3000.00),(3289,1,3000.00,1,120,3000.00),(3290,1,3000.00,1,121,3000.00),(3291,1,3000.00,1,122,3000.00),(3292,1,3000.00,1,123,3000.00),(3294,1,3000.00,1,125,3000.00),(3295,1,3000.00,1,126,3000.00),(3296,1,3000.00,1,127,3000.00),(3297,1,3000.00,1,128,3000.00),(3298,1,3000.00,1,129,3000.00),(3299,1,3000.00,1,130,3000.00),(3300,1,3000.00,1,131,3000.00),(3301,1,3000.00,1,132,3000.00),(3302,1,3000.00,1,133,3000.00),(3303,1,3000.00,1,134,3000.00),(3304,1,3000.00,1,135,3000.00),(3305,1,3000.00,1,136,3000.00),(3306,1,3000.00,1,137,3000.00),(3307,1,3000.00,1,138,3000.00),(3308,1,3000.00,1,140,3000.00),(3309,1,3000.00,1,141,3000.00),(3310,1,3000.00,1,142,3000.00),(3311,1,3000.00,1,143,3000.00),(3312,1,3000.00,1,144,3000.00),(3313,1,3000.00,1,145,3000.00),(3314,1,3000.00,1,146,3000.00),(3315,1,3000.00,1,147,3000.00),(3316,1,3000.00,1,148,3000.00),(3317,1,3000.00,1,149,3000.00),(3318,1,3000.00,1,150,3000.00),(3319,1,3000.00,1,151,3000.00),(3320,1,3000.00,1,152,3000.00),(3321,1,3000.00,1,153,3000.00),(3322,1,3000.00,1,154,3000.00),(3323,1,3000.00,1,155,3000.00),(3324,1,3000.00,1,156,3000.00),(3329,1,3000.00,1,158,3000.00),(3330,1,3000.00,1,159,3000.00),(3331,1,3000.00,1,160,3000.00),(3332,1,3000.00,1,161,3000.00),(3333,1,3000.00,1,162,3000.00),(3334,1,3000.00,1,163,3000.00),(3335,1,3000.00,1,164,3000.00),(3336,1,3000.00,1,165,3000.00),(3337,1,3000.00,1,166,3000.00),(3338,1,3000.00,1,167,3000.00),(3339,1,3000.00,1,168,3000.00),(3340,1,3000.00,1,169,3000.00),(3341,1,3000.00,1,170,3000.00),(3342,1,3000.00,1,171,3000.00),(3343,1,3000.00,1,172,3000.00),(3344,1,3000.00,1,173,3000.00),(3345,1,3000.00,1,174,3000.00),(3346,1,3000.00,1,175,3000.00),(3347,1,3000.00,1,176,3000.00),(3348,1,3000.00,1,177,3000.00),(3349,1,6000.00,107,178,3000.00),(3350,1,3000.00,1,179,3000.00),(3351,1,2000.00,132,180,3000.00),(3352,1,3000.00,1,181,3000.00),(3374,1,3000.00,118,194,3000.00),(3375,1,1000.00,123,194,1000.00),(3376,1,3000.00,118,195,3000.00),(3377,1,5000.00,160,195,5000.00),(3378,1,2000.00,201,196,2000.00),(3379,1,2000.00,201,197,2000.00),(3380,1,2000.00,201,198,2000.00),(3381,1,5000.00,160,199,5000.00),(3382,1,1600.00,225,199,1600.00),(3383,1,5000.00,160,200,5000.00),(3384,1,1600.00,225,200,1600.00),(3385,1,5000.00,160,201,5000.00),(3386,1,1600.00,225,201,1600.00),(3387,1,5000.00,160,202,5000.00),(3388,1,1600.00,225,202,1600.00),(3389,1,1600.00,225,203,1600.00),(3390,1,2000.00,215,208,2000.00),(3391,1,2000.00,215,209,2000.00),(3392,1,2000.00,215,210,2000.00),(3393,1,2000.00,215,211,2000.00),(3394,1,2000.00,215,212,2000.00),(3395,1,2000.00,201,215,2000.00),(3396,1,2000.00,201,216,2000.00),(3397,1,2000.00,97,217,2000.00),(3398,1,2000.00,97,218,2000.00),(3399,1,3000.00,1,219,3000.00),(3400,2,3000.00,1,220,6000.00),(3401,1,3000.00,1,225,3000.00),(3403,1,2000.00,134,227,2000.00),(3404,1,1000.00,95,233,1000.00),(3405,1,1000.00,95,234,1000.00),(3406,1,1000.00,95,235,1000.00),(3407,1,1000.00,90,236,1000.00),(3408,1,1000.00,90,237,1000.00),(3409,1,3000.00,145,237,3000.00),(3410,1,2000.00,134,601,2000.00),(3411,1,2000.00,92,601,2000.00),(3412,1,6000.00,107,601,6000.00),(3413,1,1500.00,226,601,1500.00),(3414,1,2000.00,134,602,2000.00),(3415,1,2000.00,92,602,2000.00),(3416,1,6000.00,107,602,6000.00),(3417,1,1500.00,226,602,1500.00),(3418,1,2000.00,134,603,2000.00),(3419,1,2000.00,92,603,2000.00),(3420,1,6000.00,107,603,6000.00),(3421,1,1500.00,226,603,1500.00),(3422,1,2000.00,134,604,2000.00),(3423,1,2000.00,92,604,2000.00),(3424,1,6000.00,107,604,6000.00),(3425,1,1500.00,226,604,1500.00),(3426,1,2000.00,92,605,2000.00),(3427,1,6000.00,107,605,6000.00),(3428,1,1500.00,226,605,1500.00),(3429,1,1000.00,90,612,1000.00),(3430,1,1000.00,90,613,1000.00);
/*!40000 ALTER TABLE `stavke` ENABLE KEYS */;
UNLOCK TABLES;

--
-- Table structure for table `tipoviprimene`
--

DROP TABLE IF EXISTS `tipoviprimene`;
/*!40101 SET @saved_cs_client     = @@character_set_client */;
/*!50503 SET character_set_client = utf8mb4 */;
CREATE TABLE `tipoviprimene` (
  `tpr_id` int NOT NULL AUTO_INCREMENT,
  `tpr_naziv` varchar(45) NOT NULL,
  PRIMARY KEY (`tpr_id`),
  UNIQUE KEY `tpr_id_UNIQUE` (`tpr_id`)
) ENGINE=InnoDB AUTO_INCREMENT=23 DEFAULT CHARSET=utf8mb4 COLLATE=utf8mb4_0900_ai_ci;
/*!40101 SET character_set_client = @saved_cs_client */;

--
-- Dumping data for table `tipoviprimene`
--

LOCK TABLES `tipoviprimene` WRITE;
/*!40000 ALTER TABLE `tipoviprimene` DISABLE KEYS */;
INSERT INTO `tipoviprimene` VALUES (2,'medicina'),(3,'farmacija'),(4,'kozmetika'),(5,'poljoprivreda'),(6,'prehrambena industrija'),(7,'stomatologija'),(8,'elektroindustrija'),(10,'građevina'),(11,'tehnologija vode'),(12,'biohemija'),(13,'naftna industrija'),(14,'nuklearna industrija'),(15,'veterina'),(16,'metalna industrija'),(17,'pirotehnika'),(19,'mašinstvo'),(20,'geologija'),(21,'ekologija');
/*!40000 ALTER TABLE `tipoviprimene` ENABLE KEYS */;
UNLOCK TABLES;

--
-- Table structure for table `users`
--

DROP TABLE IF EXISTS `users`;
/*!40101 SET @saved_cs_client     = @@character_set_client */;
/*!50503 SET character_set_client = utf8mb4 */;
CREATE TABLE `users` (
  `usr_id` int NOT NULL AUTO_INCREMENT,
  `usr_name` varchar(45) NOT NULL,
  `usr_email` varchar(45) NOT NULL,
  `usr_password` varchar(45) NOT NULL,
  `usr_phone` varchar(45) NOT NULL,
  `usr_level` int NOT NULL,
  `fk_usr_kmp_id` int DEFAULT NULL,
  PRIMARY KEY (`usr_id`),
  UNIQUE KEY `usr_id_UNIQUE` (`usr_id`),
  KEY `fk_user_kmp_id_idx` (`fk_usr_kmp_id`),
  CONSTRAINT `fk_user_kmp_id` FOREIGN KEY (`fk_usr_kmp_id`) REFERENCES `kompanije` (`kmp_id`)
) ENGINE=InnoDB AUTO_INCREMENT=52 DEFAULT CHARSET=utf8mb4 COLLATE=utf8mb4_0900_ai_ci;
/*!40101 SET character_set_client = @saved_cs_client */;

--
-- Dumping data for table `users`
--

LOCK TABLES `users` WRITE;
/*!40000 ALTER TABLE `users` DISABLE KEYS */;
INSERT INTO `users` VALUES (1,'Milica Čalija','calijamilica944@gmail.com','milica2540','+381659600216',0,80),(2,'Predrag Ilić','predragilic58@gmail.com','predrag456','+381 64 5945 221',1,38),(3,'Duško Nedeljković ','duskoned98@gmail.com','duskoned745','+381 64 4403 572',1,39),(4,'Jovana Ristović Milovanović','jovanamilan67@gmail.com','jovanamilan261','+381 63 1057 223',1,43),(6,'Hristina Radosavljević','hristinarados63@yahoo.com','hristinrados971','+381 64 2344 577',1,45),(7,'Kiril Tjurdenjev','kiriltjurd36@outlook.com','kristintjurd221','+38164 8123 445',1,46),(8,'Uroš Gnidovec ','urosgnido47@outlook.com','urosgnido683','+381 62 8726 223',1,47),(9,'Ilija Brčeski','ilijabrces83@gmail.com','ijabrces332','+381 63 7749 741',1,48),(10,'Aleksandar Nešić','aleksandarnes66@gmail.com','aleksandar442','+381 63 5001 643',1,49),(11,'Bojan Jan','bojannjan61@gmail.com','bojannjan331','+381 61 7741 323',1,50),(12,'Đorđe Radulović','radulodj76@outlook.com','raduldodj221','+381 69 3366 774',1,51),(13,'Goran Mijatovic','goranmijat63@outlook.com','goranmijat412','+381 62 5553 272',1,52),(14,'Mladen Lalić','mladenlali12@gmail.com','mladenlali225','+381 66 7412 552',1,53),(15,'Milan Gojković','milangojko61@outlook.com','milangojk424','+381 67 5532 441',1,54),(16,'Dragan Šašić','dragansasis83@gmail.com','draganasas114','+381 62 7715 479',1,55),(17,'Svetosav Marinov Atanasov','marinovatanac41@yahoo.com','marinovata332','+381 60 2741 339',1,56),(18,'Srećko Nakić','sreckonak22@gmail.com','sreckonak565','+381 69 7747 292',1,57),(19,'Dušan Antonijević','atanadusko34@outlook.com','atandusk223','+381 64 1512 223',1,58),(20,'prof. dr Snežana Pajović','snezanapajo12@gmail.com','snezanapaj565','+381 64 3002 776',1,59),(21,'Nikola Božić','nikolabozi36@gmail.com','nikolabozi882','+381 64 2525 454',1,60),(22,'Marjana Davidović','davidmarija96@otlook.com','davidmarij121','+381 60 9969 656',1,61),(23,'Sanjin Laganin','laganinsanja14@gmail.com','laganinsanja784','+381 62 3535 412',1,62),(24,'Bojan Knežević','knezbojaan56@outlook.com','knezboaan881','+381 65 7745 112',1,63),(25,'Biljana Đorđević','biljanadjordj91@outlook.com','biljanadjord993','+381 62 1141 232',1,64),(26,'Radomir Vujadin','vujadradom14@outlook.com','vujadradom565','+381 63 2232 442',1,65),(27,' Vesna Ž. Đorđević','vesnadjordj12@yahoo.com','vesnadjordj413','+381 65 8500 747',1,66),(28,'Budimir Grubić','grubbudim52@gmail.com','grubbudim323','+381 62 7747 223',1,67),(29,'Goran Radaman','radamangor63@yahoo.com','radaman272','+381 64 1212 338',1,68),(30,'Ljiljana Sekulić','lj.sekulic@chem.bg.ac.rs','ljsekulic661','+381 65 5754 229',1,69),(31,'Vanja  Kovačević','v.kovacevic@agrif.bg.ac.rs','vkovacevic771','+381 63 8845 774',1,70),(32,'Prof. dr Jugoslav Ilić','j.ilic.stomfak.rcub.bg.ac.rs','jugoslavilic888','+381 64 1171 226',1,71),(33,'Đorđe Janaćković','d.janac.ino.tmf.bg.ac.rs','janactmfin997','+381 66 2252 331',1,72),(34,'Snežana Dimitrijević','s.dimitrijevic22@gmail.com','sdimitrijevic441','+381 67 3383 992',1,73),(35,'Slađana Šobajić','s.sobajicpharma@bg.ac.rs','sobajicpharm774','+381 65 2772 886',1,74),(36,'Branimir Pavlović','b.pavlovic56@gmail.com','bpavlozemun551','+381 69 4474 117',1,75),(41,'Srdjan Sokolović','srdjansoko54@gmail.com','njegos123','+3816082252242',1,79),(42,'Budimir Marjanović','budamarin98@outlook.com','budam223','+381 66 2523 887',1,44),(43,'Jana Petrovic','janaserdar789@gmail.com','janaserdar789','+381642278513',1,143),(44,'Aleksandra Stanojevic','aleksandrastan93@gmail.com','aleksandra556','+381621538455',1,NULL),(45,'Milos Popadinov','popadin87@gmail.com','popadin889','+381672356188',1,147),(46,'Svetlana Hadzic','hadzic87@gmail.com','hadya887','+381691835521',1,148),(47,'Jelena Stanisic','stanisa554@gmail.com','stanisa776','+381642381123',1,149),(48,'Sinisa Krsmanovic','sinisabiopharm98@gmail.com','sinisa7787','381678955213',1,150),(49,'Goran Dimitrijevic','goranzoka43@gmail.com','goranyok765','381695832173',1,151),(50,'Aneli Stefanović','anelistefan889@gmail.com','stefaneli778','381697753221',1,159),(51,'Marin Stojković','marinstojan92@gmail.com','marijan@554','381682253183',1,160);
/*!40000 ALTER TABLE `users` ENABLE KEYS */;
UNLOCK TABLES;
/*!40103 SET TIME_ZONE=@OLD_TIME_ZONE */;

/*!40101 SET SQL_MODE=@OLD_SQL_MODE */;
/*!40014 SET FOREIGN_KEY_CHECKS=@OLD_FOREIGN_KEY_CHECKS */;
/*!40014 SET UNIQUE_CHECKS=@OLD_UNIQUE_CHECKS */;
/*!40101 SET CHARACTER_SET_CLIENT=@OLD_CHARACTER_SET_CLIENT */;
/*!40101 SET CHARACTER_SET_RESULTS=@OLD_CHARACTER_SET_RESULTS */;
/*!40101 SET COLLATION_CONNECTION=@OLD_COLLATION_CONNECTION */;
/*!40111 SET SQL_NOTES=@OLD_SQL_NOTES */;

-- Dump completed on 2025-10-08 20:53:54
